DATE_0,VWAP_CHANGE_0,VOLUME_CNG_0,MACD_DIFF_0,KDJ_J_0,RSI_0,WR_0,BOLL_BANDWIDTH_0,BOLL_PERCENT_0,OUTPUTVWAP_CHANGE_0
1/3/11,-0.014507580345912454,0.0,-0.07363902886300575,-0.2070253306516539,0.46471014624160173,20.0,0.05546276036808016,-0.27190067961817665,-0.006814736141011451
1/4/11,-0.006814736141011451,-0.4883152663966771,-0.0824096295923322,-0.17588001454661759,0.4640120512286526,20.0,0.07037868918076821,-0.06578223712358856,-0.006311186885613776
1/5/11,-0.006311186885613776,0.06843544189796301,-0.08571493246359835,-0.14249542799475504,0.4617823116013677,20.0,0.08232646615779998,0.026853724233952596,-0.016711541455773277
1/6/11,-0.016711541455773277,0.361947878960848,-0.0941605343446207,-0.11182500863895448,0.44869158634547157,20.0,0.09326621438482499,-0.04960845030598937,0.015470496357319941
1/7/11,0.015470496357319941,0.454191563751912,-0.08283445041384861,0.13645351203461847,0.46586912385178536,15.384615384615389,0.10992039893578295,0.22968977345104058,-0.0015495764794685638
1/8/11,-0.0015495764794685638,-0.5294679024829989,-0.07611338501698135,0.16660985808333773,0.4590580653215065,16.825396825396833,0.11677236047702585,0.20473466425598658,-0.01611044670781891
1/9/11,-0.01611044670781891,-0.07934706335554088,-0.07118115430030661,0.11497576902453721,0.45372753634777563,18.709677419354865,0.1219116774075076,0.19681160188634708,0.003576279998650452
1/10/11,0.003576279998650452,-0.23791052471718352,-0.06363739011180602,0.09177943266670122,0.4537275363477756,18.431372549019642,0.12777813747102398,0.23735620614105135,0.01047480415998831
1/11/11,0.01047480415998831,-0.03531519750365295,-0.05343082816027768,0.23793890176691568,0.4561440639015089,17.500000000000046,0.1337945113970428,0.28653091510659573,-0.029857033483926515
1/12/11,-0.029857033483926515,1.3660262727227048,-0.05919931056633693,0.08598481958338863,0.43063109139502237,20.0,0.13786758929975185,0.1389420075082895,-0.02392562467912158
1/13/11,-0.02392562467912158,0.370698407754652,-0.07773420389531671,0.008895803103666777,0.40174095385948916,20.0,0.1428951210004854,-0.019082408083726504,-0.012203814502688523
1/14/11,-0.012203814502688523,0.12471982936366925,-0.0750422624740783,0.13616632511940147,0.42115761517713246,15.820895522388096,0.15879638264426876,0.1600552472054943,0.029903774870597994
1/15/11,0.029903774870597994,-0.39332210750785734,-0.06539759816714968,0.24725315118443886,0.42685200556041986,14.626865671641799,0.1678692208721586,0.23077257075140353,0.0012690729124063076
1/16/11,0.0012690729124063076,0.11124993261100254,-0.042178987164673165,0.5778069693003076,0.4541791269418694,8.955223880597037,0.16880940050744495,0.3665803728605553,0.006901854818297517
1/17/11,0.006901854818297517,-0.3158475248310397,-0.028166105449071,0.6666823311823304,0.44578908367147074,9.830508474576305,0.15891303625291026,0.3284694870167981,0.01670798700702048
1/18/11,0.01670798700702048,0.7491951744476048,0.0055716634963882405,1.0462480915843853,0.4943953425644326,0.0,0.14621017126847888,0.5579152382640884,0.019628006022551246
1/19/11,0.019628006022551246,0.030176903574935653,0.02691696210331429,1.1854997526981452,0.49167757803926254,0.6249999999999879,0.13087041063690968,0.5436337282513081,-0.007771675304518562
1/20/11,-0.007771675304518562,-0.5169364999777969,0.03612371216742788,1.138236629560022,0.48174670397854136,2.812500000000001,0.11960092804175047,0.48623703171507193,-0.014253710551568112
1/21/11,-0.014253710551568112,-0.08315503774351814,0.03141369912518202,0.8918017271030754,0.45904056447740427,7.812500000000015,0.10638111534125848,0.3393167493411194,-0.020506754684912584
1/22/11,-0.020506754684912584,0.3603224511222567,0.02198529690139045,0.5102693563329805,0.44499551027005985,10.937500000000009,0.0962006108388109,0.23717564224700963,0.0017978535069206364
1/23/11,0.0017978535069206364,-0.23012790744860123,0.013872703063514513,0.20236030654309056,0.4392358960591348,15.599999999999952,0.08570716266462092,0.18657902880231023,0.008694153813038175
1/24/11,0.008694153813038175,0.12740881916536784,0.022294728624693783,0.3404384849630975,0.47559692956955074,8.260869565217387,0.08441907862609212,0.4443595895153007,0.011321121495117652
1/25/11,0.011321121495117652,0.10602018515490157,0.022719076734495275,0.26141596336754214,0.46273772413719666,13.846153846153868,0.08072004755225598,0.34994071022289897,0.01910825562777143
1/26/11,0.01910825562777143,1.2699527675169904,0.0474127345140663,0.7698981971560306,0.5277248091888251,0.0,0.07714182600765261,0.8408199311539304,0.00513556126760298
1/27/11,0.00513556126760298,-0.48778302476030844,0.060388314335214466,0.9903460569335782,0.5241495662042917,0.799999999999983,0.08311918928657855,0.7620154967053959,-0.022840470213254676
1/28/11,-0.022840470213254676,0.21505117352739886,0.04860879879730154,0.6493955438420893,0.4757978608863756,12.000000000000028,0.0850202216389657,0.4098515001192999,0.007329566758291534
1/29/11,0.007329566758291534,-0.34732304178622575,0.0403271039655633,0.4857069220411947,0.47764173060270115,11.600000000000037,0.08356613495065507,0.42867673255232375,-0.0019791307320750646
1/30/11,-0.0019791307320750646,-0.3013690912484923,0.040323591632654074,0.5612112099028861,0.4966130113896802,7.600000000000051,0.08291990764506416,0.5529642294231911,0.011554302950287351
1/31/11,0.011554302950287351,0.7032603279449079,0.044140608938952566,0.7257452034077612,0.5118104319802793,4.400000000000048,0.08324927761442423,0.6415553500168272,-0.009634555976018045
2/1/11,-0.009634555976018045,-0.45236712230184595,0.03984073426530542,0.5871219556979543,0.4957737452913837,7.600000000000051,0.08497273426663414,0.533486269930473,-0.012344775173325065
2/2/11,-0.012344775173325065,-0.03742624139043982,0.026758890563153503,0.2292816984803756,0.4682633428274173,17.368421052631547,0.08511495252666716,0.36944615609178133,-0.003698849114770909
2/3/11,-0.003698849114770909,0.36636178912864104,0.015179228129941082,-0.04295345835976083,0.46044196089713146,19.47368421052633,0.07356620102225124,0.30989038968435206,0.010219363554341795
2/4/11,0.010219363554341795,-0.03656940812760197,0.019153418361781582,0.24082574508459398,0.5006552467210601,10.270270270270311,0.06707154419578544,0.5741066724538493,0.005176707388466773
2/5/11,0.005176707388466773,-0.300130908709704,0.019222764580393695,0.4460522252446062,0.4940795728615143,11.428571428571443,0.06109415862775073,0.5255436161031599,0.00439550360983591
2/6/11,0.00439550360983591,0.339349608374848,0.021264418875936254,0.6714633196047868,0.5033973535169558,5.384615384615274,0.060047180280865774,0.5886521844804604,-0.016688477779657505
2/7/11,-0.016688477779657505,-0.2740342072857152,0.012261428734972782,0.3295176251762999,0.46871313727514863,16.92307692307685,0.05723193044535495,0.32763961329029734,-0.011283920507604335
2/8/11,-0.011283920507604335,0.8312412357712324,0.003161641156897113,0.0383645889577231,0.45745639737648525,20.0,0.0563332145074703,0.2543108799663312,-0.002322810843322705
2/9/11,-0.002322810843322705,0.1220136764833576,-0.011910763679449397,-0.09529949257916936,0.42467365343842983,20.0,0.05633812344280413,0.015286719976878162,-0.002927969274502264
2/10/11,-0.002927969274502264,-0.25616084001862627,-0.01842224241006149,-0.0774502518645448,0.4333749621307784,18.285714285714228,0.06134654377123768,0.14452554524214367,-0.020615443801093012
2/11/11,-0.020615443801093012,-0.016905318177673625,-0.031948100782173916,-0.11805452959373242,0.3969271080589147,20.0,0.06465949612082031,-0.0664352261395178,0.001769333047941098
2/12/11,0.001769333047941098,-0.1676362547563265,-0.035048686352174035,-0.04361862593121241,0.41249759176484363,17.959183673469433,0.07281533246639779,0.11169727334340554,0.02176105492366975
2/13/11,0.02176105492366975,1.036172546246604,-0.019885312548854797,0.37072774547124443,0.4788173997753478,8.571428571428603,0.07682027538183,0.46407941841520284,-0.012391826456144141
2/14/11,-0.012391826456144141,-0.23539941178958879,-0.02593284121223438,0.1486103515183892,0.4192863567589384,19.591836734693885,0.07748388963774935,0.12073134302796637,-0.02510903254556761
2/15/11,-0.02510903254556761,0.006931218084001655,-0.03341164549469884,0.019773806304873243,0.40146018774540293,20.0,0.08462458548886947,0.07833873811434731,-0.018374023926968405
2/16/11,-0.018374023926968405,0.5092519810640233,-0.054082875193131624,-0.03968397004611979,0.3500761193831601,20.0,0.08797927652559058,-0.20090214394751862,-0.0011842372740944764
2/17/11,-0.0011842372740944764,-0.5076035635201578,-0.058203440119220407,0.03402617730728122,0.37376678771161514,17.575757575757574,0.10364728803578263,0.03702523367809729,-0.0037669107620616994
2/18/11,-0.0037669107620616994,0.05353163301630297,-0.06245070761895341,-0.019045725621076037,0.35803576441079205,20.0,0.11639958092483184,0.04633334511730842,-0.005600094598364315
2/19/11,-0.005600094598364315,0.03184321679337136,-0.05939246024151257,-0.016948022728981132,0.36440500195779707,19.39393939393941,0.12989770285541144,0.1461402987868884,0.010189303071789469
2/20/11,0.010189303071789469,0.38189774085238815,-0.04731297215345423,0.09529501273166813,0.3934211407544726,16.666666666666686,0.1371770534160168,0.2630422888496819,-0.00787099740694917
2/21/11,-0.00787099740694917,-0.46371614829978314,-0.043506245452179654,0.02348136041066079,0.3693342526100465,20.0,0.1364810557255036,0.1930460622221282,0.02152676976136536
2/22/11,0.02152676976136536,0.823410405818548,-0.027754351457556503,0.2806218082223623,0.4171278320050712,15.522388059701482,0.13921560135481,0.33828008899042245,0.018508499386153197
2/23/11,0.018508499386153197,0.5121207818442591,0.0030183557456195387,0.8915040285584113,0.4938436619898152,0.0,0.13889570061541961,0.5613234643489974,0.005299973343552513
2/24/11,0.005299973343552513,-0.4262666014496318,0.02499318946944054,1.1750623455346094,0.49889119181632297,0.0,0.13589698593286142,0.5718074046902228,-0.005685417113422382
2/25/11,-0.005685417113422382,-0.21042567524707897,0.03641570508057809,1.2125010899954953,0.4884533543491174,1.7777777777777426,0.1271452201308655,0.5370190109529022,0.014831791037817925
2/26/11,0.014831791037817925,0.13592566380403334,0.048838742526190054,1.264788559015648,0.5130154607638382,0.0,0.11794314298945613,0.614500205188058,-0.013524675006323988
2/27/11,-0.013524675006323988,-0.10637773839192982,0.0464482754719841,1.0408287053561982,0.4750030417650328,5.600000000000023,0.1062738016308388,0.47954157412321163,0.0024116338327855313
2/28/11,0.0024116338327855313,-0.11983280499854264,0.04755597076381793,0.9989766920235326,0.49227763333275415,3.200000000000003,0.09847362524423585,0.5426556225271467,-0.009260163477085385
3/1/11,-0.009260163477085385,0.3998542957591052,0.03984078669994856,0.7916006092064005,0.46239177333695486,7.59999999999998,0.09210764388456338,0.4184523370247674,0.01569226719208327
3/2/11,0.01569226719208327,0.1707220245860242,0.044139999499783006,0.909255615820298,0.5088595485261895,1.1999999999999744,0.08924621571820301,0.6081495509697348,0.024491290795358008
3/3/11,0.024491290795358008,0.6006901988196361,0.06266357068964025,1.0287722963670753,0.5752395226574909,0.0,0.08666607948876208,0.9192772456770043,0.0075290379780053145
3/4/11,0.0075290379780053145,-0.30144864406431865,0.0717580657523187,1.0786938992359678,0.5752395226574909,0.0,0.09636912605489707,0.8399746001892865,0.005497846032796345
3/5/11,0.005497846032796345,0.03226889942259765,0.07557865224025485,1.0921375117070349,0.5800657233413548,0.0,0.10408950192390712,0.8033700374502151,0.004663754309312359
3/6/11,0.004663754309312359,-0.3340745080340989,0.0795501743418271,1.0878749492822828,0.5995649152357418,0.0,0.10695050226693939,0.8418646287477356,0.014821617115328454
3/7/11,0.014821617115328454,0.8098334379235897,0.08577950182476117,1.0762165938399177,0.6273725836462322,0.0,0.11709560848180516,0.8844682831254445,-0.01822186719613178
3/8/11,-0.01822186719613178,-0.3845195519170184,0.07439479499645166,0.8591477886867387,0.567549711483056,5.2307692307692255,0.13033164556091337,0.6805984411327596,-9.458102316825835E-4
3/9/11,-9.458102316825835E-4,0.12643201403293403,0.06133166999483779,0.7133657449184216,0.5574984415004237,6.1538461538461835,0.12977511279962278,0.6405849408994553,-0.003163409338684098
3/10/11,-0.003163409338684098,0.03844384984872612,0.06116325771660515,0.8538041494126289,0.6027277300988908,0.6153846153846566,0.12850408812095182,0.7680506658358682,0.01316819495240574
3/11/11,0.01316819495240574,0.4200784008201779,0.04980112742951174,0.46472659087956547,0.5617172654814664,5.714285714285735,0.12748442916791308,0.6500373000353081,-0.0013670163815891919
3/12/11,-0.0013670163815891919,-0.49537352286942055,0.0440304624797114,0.5280457315348182,0.5795953523307037,6.363636363636371,0.12075715383018047,0.7006437536604377,-0.009700324874182611
3/13/11,-0.009700324874182611,-0.22776918674249164,0.02920304037691232,0.04297036933227405,0.5360834921975082,18.181818181818226,0.11670843669595386,0.5768874801803324,-0.0011465283435838328
3/14/11,-0.0011465283435838328,-0.03579965547346357,0.019620562891576987,-0.06072649935021679,0.5445377649370015,16.999999999999904,0.10137550495346793,0.6093865577551947,0.003102529496294851
3/15/11,0.003102529496294851,-0.11805867113684371,0.015697655067946223,0.1499333922742503,0.5616554585829749,11.000000000000062,0.09021757350822547,0.6769689575543641,-0.00874457930510532
3/16/11,-0.00874457930510532,0.6684591797716856,-0.0023770228255541037,-0.07309925503423453,0.4893969796703155,20.0,0.0890479403643097,0.41717259027158626,-0.004784337148175202
3/17/11,-0.004784337148175202,-0.4583209975899172,-0.012414417881076764,-0.08883391940767982,0.4988175348201694,18.06451612903229,0.08626474231916031,0.4571375290885708,0.011069601002585461
3/18/11,0.011069601002585461,0.6743429918984086,-0.010477961575683814,0.25096089464010407,0.5383615204699336,9.677419354838658,0.08164605195382318,0.6169775677167968,-0.004031614372476223
3/19/11,-0.004031614372476223,-0.29041165437811695,-0.011324984265610988,0.4188991355292825,0.5280598222630597,11.61290322580648,0.0794624403820561,0.5712604495822725,-0.018624957859193186
3/20/11,-0.018624957859193186,1.1333325359125874,-0.02852448608392251,0.1136606719767771,0.4483880998147921,20.0,0.0712509116774466,0.20959111594344715,-0.011824770167286305
3/21/11,-0.011824770167286305,-0.500106991198984,-0.042243232876367706,-0.034629830932867256,0.43226271870439364,20.0,0.0683749299768212,0.13809184625595197,-0.009716853334531482
3/22/11,-0.009716853334531482,0.1503544563744739,-0.05296486960336443,-0.09668896212239059,0.4162248327620159,20.0,0.0614379411728123,0.03694549691782255,-0.010475008513556795
3/23/11,-0.010475008513556795,-0.12125506485210591,-0.06112521223959515,-0.11352758019302425,0.40031151813194404,20.0,0.06603440354482341,0.017836748833747237,0.00329459417823053
3/24/11,0.00329459417823053,-0.05209077318241908,-0.06264585352464123,-0.09184877151266291,0.4043779676866867,19.62264150943397,0.07772336343402016,0.14120924367170673,-0.00733910711312428
3/25/11,-0.00733910711312428,-0.14019218117769033,-0.0642495980013523,-0.08619272353866002,0.3874867480254209,20.0,0.08658537392048994,0.13775800345086306,0.0018246421360798221
3/26/11,0.0018246421360798221,-0.0724360738440251,-0.06120768471564914,-0.05914469019976523,0.3920217091617005,19.615384615384624,0.09601138507737784,0.21411401077108072,-0.004767595122088943
3/27/11,-0.004767595122088943,-0.12647291555729082,-0.06101751031585825,-0.053372222625239496,0.36862797344030085,20.0,0.10202892538151298,0.17617040368686254,-0.004484041364301315
3/28/11,-0.004484041364301315,0.12174180955286251,-0.0586565887810335,-0.04487643452264589,0.3628284274053095,20.0,0.1058501255154404,0.19739467001979014,0.008016273627596613
3/29/11,0.008016273627596613,0.0831480599817947,-0.04535250860093336,0.35277463069213677,0.42574787517130813,11.87499999999996,0.11215245083658446,0.35940720550780214,-0.014814545942670383
3/30/11,-0.014814545942670383,0.7323105658919417,-0.04875788188656725,0.15697792293291166,0.3586189813932791,20.0,0.113872503790859,0.167369278954666,0.03355037543834058
3/31/11,0.03355037543834058,0.9801075290694694,-0.02788523405680772,0.8302929502695993,0.4775731289923083,0.0,0.11570804365277818,0.4781913592694488,-0.0058983287950879724
4/1/11,-0.0058983287950879724,-0.5661029366986027,-0.013247867957632706,1.123310806654516,0.47453133420863525,0.6451612903225659,0.11172297085016888,0.47038532080769074,0.003564094974177844
4/2/11,0.003564094974177844,0.04012067560303703,-0.0026175993587060353,1.236255534917741,0.4745313342086352,0.6451612903225659,0.10412890016855149,0.4712426141611581,-0.004545599154596957
4/3/11,-0.004545599154596957,-0.3420898325162676,4.825714829888583E-4,1.0809911073987082,0.451426565393112,5.1612903225806415,0.09984975384238606,0.40090109649084626,-3.4595216847556473E-4
4/4/11,-3.4595216847556473E-4,-0.11684456741327304,0.006357526634471394,1.0997598767832215,0.4711334520074239,1.9354838709678122,0.0939742546531528,0.4593131016272852,-0.0027392072149822273
4/5/11,-0.0027392072149822273,-0.061720236124527796,0.01045831469780073,1.0862644331394926,0.47113345200742396,1.9354838709678122,0.08285888809332348,0.45823457991072386,-0.0046666280246026055
4/6/11,-0.0046666280246026055,0.34707605899786015,0.008102869394985168,0.8592119871210455,0.4419710370618918,7.096774193548454,0.07937543952842975,0.35688350190806056,-0.0027974663825364875
4/7/11,-0.0027974663825364875,-0.2195118248966592,0.004358496905571316,0.6341579551961734,0.4277857197761489,9.677419354838717,0.07461578904924934,0.3068446633429844,-0.00326596425017097
4/8/11,-0.00326596425017097,1.066422106079844,-0.0026227824920222464,0.11958592448016825,0.4002575110077733,14.83870967741936,0.06097286974571162,0.15025092474435606,-0.006267917646521033
4/9/11,-0.006267917646521033,-0.4257442499125696,-0.004879177994716821,-0.05169301007322824,0.41041994379983543,18.260869565217433,0.044805667509796566,0.11474710717797029,-0.006847186769318327
4/10/11,-0.006847186769318327,0.5188884704588428,-0.01234099949022198,-0.18267937380599386,0.3731590896249502,20.0,0.04179337939868229,-0.14764411736083285,1.1853416268033711E-4
4/11/11,1.1853416268033711E-4,-0.09124769992689334,-0.0073299531888848385,0.12806117656708105,0.4377895372819435,11.61290322580653,0.04430676333415232,0.2512043104448133,-0.005650355267295312
4/12/11,-0.005650355267295312,0.19969798804912603,-0.003681608808030201,0.2749275739725652,0.43410069418804903,11.724137931034512,0.04342756027952675,0.24614492467485663,0.01715295773275688
4/13/11,0.01715295773275688,-0.15217042392549168,-0.0017084173390445184,0.30199118490678756,0.42640164846812934,13.103448275862073,0.043664256943331,0.22361448440105083,-6.532753675746207E-4
4/14/11,-6.532753675746207E-4,0.08496446996820047,-0.0034374299434791616,0.19872797100923578,0.40340461793373206,17.24137931034488,0.043879028617313305,0.10816695204972822,-0.014252514734146585
4/15/11,-0.014252514734146585,0.025098798803486748,-0.003559380212517199,0.18677473257288146,0.403404617933732,16.190476190476254,0.0460534697609503,0.1616690435222964,0.004031010470524339
4/16/11,0.004031010470524339,-0.45497395256462775,-0.002021372923411896,0.30299198814032957,0.40949787565590773,14.117647058823652,0.047751883891630716,0.22626871551060496,-0.007003333892439708
4/17/11,-0.007003333892439708,0.3664838943384625,-0.00462436726675694,0.06456806885557254,0.38036200181514007,20.0,0.049105247815810715,0.10932656218867812,-0.003586364242134573
4/18/11,-0.003586364242134573,-0.02243223070386903,-0.007123161522944843,-0.04857234736604976,0.3683283355356041,20.0,0.05226855246263143,0.10694337189160853,-0.012021848920716624
4/19/11,-0.012021848920716624,0.35189483890873363,-0.011323949047775672,-0.0934600493127653,0.3449431115180485,20.0,0.05533561754107423,0.04905955200356455,-0.0027568041652711235
4/20/11,-0.0027568041652711235,-0.04655920730943,-0.014430961271767198,-0.10302568914322047,0.33359662806710016,20.0,0.05968402591822492,0.06764529072249746,0.015299576617564987
4/21/11,0.015299576617564987,0.32274299030247,-0.005807647683443093,0.3578739178739735,0.4277190513871636,9.230769230769178,0.06224732850970483,0.3622172922720014,0.002821134279639471
4/22/11,0.002821134279639471,-0.3544781836578963,-0.0043106907138347195,0.3796795652055611,0.39367660979151936,14.999999999999963,0.05935651152395576,0.22640210617835613,0.021075140909113554
4/23/11,0.021075140909113554,2.862891113250141,0.013072608387437956,0.9144358076517285,0.5171919925454991,0.0,0.05700040246119634,0.68763157876017,0.0032641336547942082
4/24/11,0.0032641336547942082,-0.532391291929575,0.02798492309780337,1.161612381222055,0.5421736223890631,0.0,0.054910728527623694,0.7912446308040411,0.02124966152974828
4/25/11,0.02124966152974828,0.2971504072270102,0.051990140670994,1.2535117048953053,0.6252709224835026,0.0,0.052037103215211114,1.2616166148023544,0.012464013617718862
4/26/11,0.012464013617718862,-0.10147239359805822,0.07265960472264017,1.2661878815394938,0.6584785128506377,0.0,0.061528616354090945,1.2837562586470568,0.0035851566869719255
4/27/11,0.0035851566869719255,-0.3158612768134139,0.07786379356896622,1.1666280225930163,0.6239219717044158,1.9444444444444506,0.07871109941479093,0.9595668221376529,0.010320065443834656
4/28/11,0.010320065443834656,0.2278838883138697,0.08313519422498131,1.1686797864768397,0.6492768093889426,0.0,0.08855464287805342,0.9733471567691219,-0.004527768297966855
4/29/11,-0.004527768297966855,-0.062189399070851296,0.07904843154960581,1.0936599405552292,0.6242263503152384,1.3513513513513702,0.10074321789798578,0.8238654303768055,-0.0035787635728541595
4/30/11,-0.0035787635728541595,-0.4164836267507434,0.06785386760665284,0.9616758326329538,0.5900767548340179,3.529411764705861,0.10851226537718059,0.7048915892434199,-0.0041484676337153175
5/1/11,-0.0041484676337153175,1.9412928215452736,0.07178175552580382,1.0249215287540312,0.6562751443212479,0.0,0.11117013579762779,0.8924553654914491,0.012123754591049562
5/2/11,0.012123754591049562,-0.40333892706083985,0.059929702896608136,0.7962934143113634,0.5857690483570177,5.818181818181834,0.12229101821331058,0.6880501375777757,0.005290037416712848
5/3/11,0.005290037416712848,0.18172510253998805,0.05909345392958673,0.9350020589099586,0.6285282622583445,0.0,0.12581221562208778,0.7944340719849711,0.014682635215476504
5/4/11,0.014682635215476504,0.3846880667654436,0.06889990873329921,1.003872338852672,0.6775624220098875,0.0,0.132556524508912,0.9196316340197674,2.5678673460472954E-4
5/5/11,2.5678673460472954E-4,-0.24375475150874984,0.05790247787942551,0.6883720799423474,0.6003719192587956,8.888888888888872,0.1449487178377393,0.7066568716639492,-0.00890557657791562
5/6/11,-0.00890557657791562,-0.506642355917739,0.04707363933534785,0.5333923510503371,0.6003719192587957,8.888888888888872,0.14736381000254184,0.6833878217529447,-0.007105458779519873
5/7/11,-0.007105458779519873,0.11797235875464385,0.027876373514626643,0.22499974117915822,0.5500198409821004,15.111111111111128,0.14861519507796517,0.5695095592404148,0.014261891106657718
5/8/11,0.014261891106657718,1.218865504260908,0.0337328814586558,0.6431833013523094,0.6266937282503795,0.8888888888888713,0.14360270787911467,0.7881601862025632,0.015175251261096982
5/9/11,0.015175251261096982,0.10414498230151135,0.03703977167308056,0.8983185909086377,0.6350227340986248,0.0,0.1429462036825835,0.7887022110329555,-0.0014562906481041498
5/10/11,-0.0014562906481041498,-0.34430353196374147,0.03274724736386464,0.9257877650549375,0.616597917620404,2.4999999999999445,0.1380034481639326,0.7336086529368463,-0.015396333464185842
5/11/11,-0.015396333464185842,-0.1931171552351098,0.017460174491111174,0.5974766586817553,0.5639990108638627,9.999999999999956,0.1261368761028274,0.6127987459566728,0.012722817385184312
5/12/11,0.012722817385184312,0.25061225222071193,0.019017868904076363,0.8666557974771827,0.613459754451198,0.0,0.11349140528226637,0.7961373270346174,0.0038993015165759795
5/13/11,0.0038993015165759795,-0.21777978608827409,0.014415942036519025,0.8960018876725822,0.5962060066055078,2.7027027027026507,0.09585422950857758,0.7649036890316174,-0.0020937061766511215
5/14/11,-0.0020937061766511215,0.031082438995029105,0.007438020921150756,0.8425218621621706,0.5856177112555979,4.324324324324337,0.08521639621967222,0.7343552516737415,-0.012788309807705688
5/15/11,-0.012788309807705688,-0.05076582348711587,-0.005147522424224504,0.6020162985719568,0.5506893397196074,9.729729729729735,0.07306235903915724,0.6124112422197202,-0.0097486069433384
5/16/11,-0.0097486069433384,0.07763246904794122,-0.01929997424568819,0.08589189479263526,0.5239056486887606,14.054054054054072,0.06846517387995116,0.4935529722538866,0.00341075515467045
5/17/11,0.00341075515467045,0.0384704580788309,-0.025990530830196257,-0.03338215331701133,0.5359954516384262,16.92307692307685,0.0667864414086173,0.5529391018924434,-7.133289806994477E-4
5/18/11,-7.133289806994477E-4,-0.13734666236627563,-0.03269956143763886,-0.18524781578351346,0.5217985910028128,20.0,0.06268352739737981,0.488258595860592,0.005560924680774698
5/19/11,0.005560924680774698,-0.12122713499756083,-0.031974000799265156,-0.022758865724302635,0.5444238454097834,14.615384615384588,0.061030910272160545,0.6018583530971462,0.008415463109220717
5/20/11,0.008415463109220717,0.38321646984622104,-0.03102097873931671,0.0819017381859104,0.5444238454097834,14.615384615384588,0.057364628358324087,0.5979895068715397,-0.00850482331384925
5/21/11,-0.00850482331384925,-0.2594842512061264,-0.028628290896363998,0.27316352286038836,0.5513855293187039,13.076923076923082,0.049592064901125374,0.6420725330576581,0.0020470905695494385
5/22/11,0.0020470905695494385,0.9048823517882969,-0.024117074139826236,0.6038313673008951,0.5656096904528869,7.619047619047595,0.048996456497568425,0.7100316639195777,0.0050973945041000186
5/23/11,0.0050973945041000186,0.07743731290928826,-0.020374052163970924,0.9799987758706467,0.569267860550731,4.444444444444357,0.04297129919262107,0.7392377785718007,0.009086343870166783
5/24/11,0.009086343870166783,0.4625035131946154,-0.006413295756136708,1.1494066490271315,0.6294498438925851,0.0,0.041999522162718066,1.139525816144881,0.012125577455923835
5/25/11,0.012125577455923835,-0.013073032960913321,-1.6719948010754382E-4,1.1351816316492225,0.6141273440453443,1.8749999999999585,0.04507114466351089,0.9730950864871906,0.009252618236783515
5/26/11,0.009252618236783515,0.07466283932338637,0.0143181570782792,1.1763392204091256,0.6663411777621727,0.0,0.0470338491235316,1.2801875033484191,-0.0029697688372440877
5/27/11,-0.0029697688372440877,-0.4287598962423977,0.014030442912399077,0.9417049020347337,0.6076137308124375,5.10638297872344,0.055841678732446685,0.8850164357195835,-0.003984572611563352
5/28/11,-0.003984572611563352,-0.40536067123369185,0.012762654749321367,0.8300113269755922,0.6106773593537386,5.499999999999967,0.05269956860293251,0.8866696469607442,0.0074910673683851675
5/29/11,0.0074910673683851675,0.6007050108798269,0.019214242366919265,0.9825907017297955,0.6514928697884058,0.0,0.05531773445961184,1.0760032906635748,0.004314332695415517
5/30/11,0.004314332695415517,-0.1069424560788066,0.014167773191614677,0.8211068924193445,0.5986578218510524,5.3658536585365555,0.06253190537492427,0.7909819310674877,-0.0159586783059719
5/31/11,-0.0159586783059719,0.035588349941113984,2.322678904820713E-4,0.427288063865068,0.5390454505611365,13.513513513513542,0.06519278791735164,0.5460053173774919,-0.012112397327943832
6/1/11,-0.012112397327943832,-0.25380610516921354,-0.015992013662655125,0.001077318152234552,0.5008754088790974,19.444444444444457,0.06369696710381846,0.39160352281910593,0.004271598538671504
6/2/11,0.004271598538671504,0.07344396878789665,-0.018724017107342228,0.07819728470739595,0.542524854278399,13.142857142857078,0.06369658329058805,0.5831156741258524,0.0028780522953763474
6/3/11,0.0028780522953763474,-0.13347153504984047,-0.01983337308499694,0.1641016985263286,0.5459080415921076,12.57142857142852,0.06394655460043497,0.5898870607789221,-0.008844666377954714
6/4/11,-0.008844666377954714,0.11100461769493863,-0.02620409290537898,0.025317757212770187,0.5095694840239332,17.71428571428566,0.06425146657799485,0.4463247187822424,0.010779224409970556
6/5/11,0.010779224409970556,0.1637939674054369,-0.023991666077271864,0.17352133408151604,0.542218468938053,12.57142857142852,0.06296197718917604,0.5877936399000039,2.1974542161632823E-4
6/6/11,2.1974542161632823E-4,0.6161497408031724,-0.02922431918679233,0.01693483906173998,0.49873948841285126,18.85714285714288,0.05948976958930694,0.406378586272594,-0.012237177136553722
6/7/11,-0.012237177136553722,-0.28813793823249223,-0.042611551537662676,-0.09263604560470234,0.4402801838314051,20.0,0.05698977561876713,0.1239951596098213,-0.010512322395346323
6/8/11,-0.010512322395346323,0.02703500390115762,-0.045632952311925185,0.03562534405517981,0.46403658169272,16.923076923076902,0.05707152105261653,0.26123497304128085,0.002505941299936258
6/9/11,0.002505941299936258,-0.3080066349645172,-0.04380938703789814,0.195814891707407,0.47595213169976275,13.571428571428608,0.05740401322693133,0.33548353343231585,-0.012399467238866155
6/10/11,-0.012399467238866155,0.24881601980216786,-0.051070190882924735,0.030967321744083065,0.4223027406847388,20.0,0.057042524345532204,0.07825713286214231,-0.00854271826621272
6/11/11,-0.00854271826621272,-0.17311145935112657,-0.055869759009254935,-0.04573907843340347,0.40992589141169744,20.0,0.0627268693383118,0.09015522989134747,0.002364758776939117
6/12/11,0.002364758776939117,-0.2548026242474511,-0.05364231938958568,0.005023387752391972,0.4278909341742442,17.948717948717995,0.07003714538057933,0.22277275252860376,-0.004651673246147714
6/13/11,-0.004651673246147714,-0.08751990268244474,-0.053386758201172876,-0.04134973873580938,0.40793083419794574,20.0,0.07501481353109352,0.18723977160260877,0.004277589930215899
6/14/11,0.004277589930215899,-0.04467446370194685,-0.04596255363436244,0.1241158797215628,0.44055199206240636,16.585365853658523,0.0806363409742322,0.3211396621572966,0.0014922860978257393
6/15/11,0.0014922860978257393,-0.18989812942206222,-0.039435026497392146,0.24043115785476216,0.43686780097444355,16.00000000000007,0.08323995133738382,0.33125313716296184,-0.006971002036547163
6/16/11,-0.006971002036547163,0.5961121670774921,-0.042656295692863624,0.08359408211192054,0.38510911326580805,20.0,0.08069672205608378,0.15971614281168345,-0.014499688755154595
6/17/11,-0.014499688755154595,0.11077869828852578,-0.04853095179256896,0.00460048376933303,0.3550615773755375,20.0,0.08504112564509063,0.09100958110220736,-7.45288693439387E-4
6/18/11,-7.45288693439387E-4,0.045371622218527814,-0.045439302152282764,0.14846823246321483,0.3858652981781376,17.073170731707293,0.09085980217636039,0.21791477520260175,-0.005631084112151271
6/19/11,-0.005631084112151271,0.5093202381670615,-0.04061530963126003,0.22155400947227522,0.3858652981781376,15.384615384615374,0.08615729261111604,0.2301914018009375,0.00315615726726735
6/20/11,0.00315615726726735,-0.25761630006265324,-0.034227652668414515,0.2849750204238263,0.39142655716047486,14.615384615384626,0.08337611943914898,0.25910572086401995,-0.0025431161180093664
6/21/11,-0.0025431161180093664,-0.38446893317884234,-0.03413670393571208,0.10201106575691138,0.35680812167673415,20.0,0.0833918102952773,0.16216825191581433,-0.004207474122203965
6/22/11,-0.004207474122203965,0.2939874624776024,-0.026432193676412266,0.22391857668291648,0.4021308944486381,14.482758620689667,0.08757251190089932,0.29942893183340125,0.006401664570954522
6/23/11,0.006401664570954522,-0.12736009037145327,-0.021319232414201944,0.2082006937082525,0.3910592290975476,16.551724137930997,0.08438471887073125,0.2758032910101784,0.01310484038216057
6/24/11,0.01310484038216057,0.6389956776993134,-0.001457450299152327,0.8368117162598641,0.5033756645998022,0.0,0.07929686434157876,0.5737022323942328,0.00883505854280218
6/25/11,0.00883505854280218,-0.05259225746091542,0.013209031978138802,1.1343264244761508,0.5117656645968156,0.0,0.0738225231747908,0.5985863580284484,-0.0018345481870021827
6/26/11,-0.0018345481870021827,-0.36878826950572147,0.017438487293061453,1.0442226180008545,0.4772138976720792,5.333333333333325,0.0628645931883749,0.47785368473615963,-0.010147334416838273
6/27/11,-0.010147334416838273,0.2810117768840847,0.011673872239467323,0.6325961909006268,0.427018655475543,14.000000000000023,0.05531869992950777,0.24249004563597487,0.006830473402271047
6/28/11,0.006830473402271047,0.35685066661227244,0.020342403448322666,0.9052885724597126,0.5080485363113687,1.33333333333342,0.054429612426258024,0.611771778547518,0.007140809430594518
6/29/11,0.007140809430594518,-0.2775707377411034,0.025431211810277132,1.0296012710274858,0.5080485363113687,1.33333333333342,0.050711750241433026,0.6084779708235513,0.014840521746569297
6/30/11,0.014840521746569297,0.5929886776109553,0.04007694874879353,1.1260067736101116,0.5767584578959133,0.0,0.04489309398401979,1.0317067966511895,0.002494652637727408
7/1/11,0.002494652637727408,-0.4583296775598037,0.043261093573853236,1.0252232813938582,0.5466220158379791,3.3333333333333472,0.052006874055714726,0.7809057759643689,0.01603155975120415
7/2/11,0.01603155975120415,1.704779489829936,0.052397524995489705,1.0887391424762063,0.5922739974877171,0.0,0.05546211694722561,0.9877065895962768,-0.004572637233202723
7/3/11,-0.004572637233202723,-0.41246182260234493,0.05381736010115214,1.0552566574969293,0.5788910285976847,1.3333333333333808,0.06389403171241394,0.8357528235178644,-0.0012485695072988593
7/4/11,-0.0012485695072988593,-0.19043877076613427,0.05339437456994968,1.061396418278084,0.5855797443564172,0.44444444444451287,0.06980789793013266,0.8056716771639753,0.004694928842894937
7/5/11,0.004694928842894937,-0.12469487395678625,0.05299317506156208,1.072118191409183,0.5992207592813704,0.0,0.07523156910257522,0.8083028312640121,0.010385642813159728
7/6/11,0.010385642813159728,1.285832282730043,0.0595258230059497,1.0688702915330954,0.6460333376119213,0.0,0.08123355560627485,0.9383414567921854,-0.0020638856283527215
7/7/11,-0.0020638856283527215,-0.4376808012763813,0.053971932656971894,0.8830068490945924,0.5962845115924533,4.545454545454516,0.09117374425093834,0.7452788875845856,-0.0035003223228423598
7/8/11,-0.0035003223228423598,0.18328605108233437,0.049306861714706704,0.794776376293231,0.6060359564955522,3.1818181818181857,0.09266985059034763,0.7493822681212123,-0.004643055689583245
7/9/11,-0.004643055689583245,0.14744427747672295,0.038949289591363664,0.5839210132378216,0.5715241153496502,8.750000000000028,0.09502392572727122,0.6479678005397532,-0.006781641543971143
7/10/11,-0.006781641543971143,0.05467406413999374,0.026116132384145438,0.08736444300158563,0.5431199565794491,12.500000000000055,0.09417570395108345,0.5729760384539282,-0.011493762745697437
7/11/11,-0.011493762745697437,-0.249701549842145,0.005962771382775844,-0.17478055807183757,0.475587879829165,20.0,0.09158546653366804,0.39776230221432357,-0.0075427097342163855
7/12/11,-0.0075427097342163855,0.03856586482468127,-0.010077749759319105,-0.27186938542982153,0.4602586773212552,20.0,0.08354767104455735,0.35176409207920506,5.128884465448526E-4
7/13/11,5.128884465448526E-4,-0.47418320938594793,-0.020123876149668735,-0.2848122658745009,0.4602586773212551,20.0,0.07787029775085301,0.3559335714494467,-0.0026932699449110976
7/14/11,-0.0026932699449110976,0.9952487465851554,-0.030945744215553746,-0.2589188498638584,0.42854533621471463,20.0,0.06995027919653789,0.24271293664417087,-0.014624799651399213
7/15/11,-0.014624799651399213,-0.14763238474244608,-0.03906329376529643,-0.21864190387425525,0.4132897847123121,20.0,0.07098914277961778,0.2148816476307249,-0.00674615239298925
7/16/11,-0.00674615239298925,0.24997101604875221,-0.05071485009487113,-0.17644749411507,0.3677089826565194,20.0,0.07349009905201102,0.0759679866420442,7.46129383087834E-4
7/17/11,7.46129383087834E-4,-0.42950631807530687,-0.05172971404559451,-0.04658587801323394,0.40040939525967145,17.931034482758605,0.07875542477291597,0.21628687097308474,-0.010318652426050066
7/18/11,-0.010318652426050066,0.43760358926994136,-0.056755604801796575,-0.06212476807107889,0.3634839209319546,20.0,0.07752518905079449,0.09799992410555222,-5.002886092750981E-4
7/19/11,-5.002886092750981E-4,-0.24649739846544724,-0.056244586792896845,-0.03925237242875987,0.36915046342776975,19.60000000000001,0.08567651152377564,0.1815250952215501,0.0071351274329331015
7/20/11,0.0071351274329331015,0.44709109835788696,-0.04705632415039847,0.2149259275819186,0.41902426764477624,14.117647058823444,0.09235393985535484,0.3290964412020039,-0.0018704136336491436
7/21/11,-0.0018704136336491436,-0.08245574799490822,-0.04301457191790088,0.15956895785534048,0.3931245165490719,17.99999999999993,0.09567088129735901,0.27751971973936695,-0.00342545935422089
7/22/11,-0.00342545935422089,-0.19720262380994683,-0.04039785921173969,0.05056930932626558,0.3787900940029323,20.0,0.10071857376800174,0.26867201210001473,-0.0077493298715692206
7/23/11,-0.0077493298715692206,-0.07776640879586189,-0.03999578446061431,-0.003493791056241702,0.35782142350798324,20.0,0.10438227305067777,0.23991277536440014,0.0018443346387428637
7/24/11,0.0018443346387428637,0.14077561745419956,-0.031977247880315446,0.3185453756812362,0.40488401701677845,13.599999999999994,0.10892379774366355,0.3477752154005551,0.007479246884492014
7/25/11,0.007479246884492014,0.785727483194281,-0.019532322902168636,0.8213416919950366,0.4482108017377655,2.2222222222223538,0.10936464407073195,0.4361585115081783,-0.00441669359645535
7/26/11,-0.00441669359645535,-0.0582182361045701,-0.018322598248093208,0.4982088428365883,0.3977883977516417,16.66666666666657,0.10638673490409577,0.31758393716022554,-0.008949212463292186
7/27/11,-0.008949212463292186,-0.23882473001023688,-0.019071121247387843,0.1815906462941244,0.38016447286717897,20.0,0.09831780587562931,0.269708754385472,0.0019344856858856468
7/28/11,0.0019344856858856468,-0.3672448854666017,-0.017135270353679982,0.06163038186830083,0.385993774321943,18.947368421052662,0.09300259025936979,0.29014464083331953,-0.016780471590888184
7/29/11,-0.016780471590888184,0.63597239326171,-0.026342864427780527,-0.03362083071567662,0.32396958295165684,20.0,0.08267982602324818,0.052504367260751056,-0.006521598053561072
7/30/11,-0.006521598053561072,0.004309395057572174,-0.03178140969963718,-0.07221905511792476,0.31539589400571255,20.0,0.07881517658201524,0.03487399694174723,0.0011623116659608612
7/31/11,0.0011623116659608612,-0.28346401254759307,-0.02875646466592255,0.03830863759674075,0.35213601189836274,16.92307692307698,0.07523574660286182,0.1393251795280485,0.0012713719903703576
8/1/11,0.0012713719903703576,-0.037910291435823654,-0.028177918349193046,-0.019388561271590915,0.3329892856013725,20.0,0.07384618679960266,0.08322238796589956,-0.026229537134364753
8/2/11,-0.026229537134364753,1.9231778066766934,-0.039309658742677916,-0.042877476182894864,0.27437947006473945,20.0,0.07423992256358734,-0.18228038390240645,-0.004604036371951535
8/3/11,-0.004604036371951535,-0.48967163053878654,-0.04306815505072903,-0.048552829900930544,0.27437947006473945,20.0,0.08272815361792403,-0.05664907862266104,-0.009912538788923793
8/4/11,-0.009912538788923793,0.150553182725092,-0.045100940376145704,-0.04568045045328746,0.26233281475103604,20.0,0.08996166830003181,-0.023237400271659426,0.004974497925045052
8/5/11,0.004974497925045052,-0.029282120085951897,-0.043928197443821065,-0.03932823175952526,0.25748780395374055,20.0,0.09747953472846227,0.039602027258515714,0.01395881968654239
8/6/11,0.01395881968654239,0.6773345213406728,-0.026667761335702173,0.41230922452209695,0.3801455728784253,12.156862745097994,0.10599839267321329,0.31369976052987836,0.004135924978129168
8/7/11,0.004135924978129168,-0.6258796255914335,-0.013569619577002645,0.6084946880813158,0.3768109386876184,9.142857142857059,0.10442223647976277,0.31850951470095396,0.003845026728916181
8/8/11,0.003845026728916181,-0.063821292351616,-0.001183315053547379,0.7550618335271708,0.39390033738466557,7.428571428571379,0.10467946453322909,0.3660691275226414,0.00675948700778382
8/9/11,0.00675948700778382,0.06364413827820718,0.00883385686893201,0.9341176462781364,0.39977875307395716,6.8571428571428195,0.10334662971759942,0.38729078594154615,-0.011222205748536317
8/10/11,-0.011222205748536317,-0.2115240073386243,0.012353615056131861,0.9560507527835598,0.37631577425610047,8.275862068965559,0.0981834757246839,0.32806802196297563,-0.0035432416771855563
8/11/11,-0.0035432416771855563,0.3369204312796781,0.009673722347459446,0.6373487164766864,0.34387996104569163,13.043478260869572,0.09510389515922744,0.23899136750486696,-0.03971972576974482
8/12/11,-0.03971972576974482,-0.241413010242589,-0.00953708816500265,0.1930027849829854,0.26501815686157637,20.0,0.09421450941763919,-0.06679377626036725,-0.002223181416382534
8/13/11,-0.002223181416382534,-0.3255541956841259,-0.020211412446332372,-0.025929049567880003,0.2627915860008461,20.0,0.1044930555811354,0.024992006645320846,-0.003483870408811307
8/14/11,-0.003483870408811307,0.0708444004879468,-0.026844130837114788,-0.12035108163850017,0.25365817563160314,20.0,0.1090076829142615,0.046487162716936065,0.0075455053835542995
8/15/11,0.0075455053835542995,0.765252922892285,-0.02032394148151065,0.04153210365502724,0.3286563790430207,15.102040816326491,0.10760535486345812,0.2030737520568806,-0.0018893212197680137
8/16/11,-0.0018893212197680137,-0.14286136627923174,-0.016066067301842513,0.07258432868549092,0.31727003997949765,16.73469387755102,0.10398594559555797,0.1794402063507174,0.003211064660538516
8/17/11,0.003211064660538516,-0.08264723689494827,-0.010860048876504741,0.09646098174758128,0.31727003997949765,16.73469387755102,0.10104372548023789,0.20057395583249862,0.0023825964381038378
8/18/11,0.0023825964381038378,-0.013185510877794484,-0.0033933779323014335,0.18647781154587934,0.3370449200783643,15.510204081632677,0.09460702784570812,0.24440085299383332,-0.006391568058327317
8/19/11,-0.006391568058327317,-0.14958812819738193,1.1320749308818545E-6,0.17247780091967457,0.3204695352125971,17.20930232558137,0.09306361480522536,0.20564525882609277,-0.019105550739970285
8/20/11,-0.019105550739970285,2.4426634271909986,-0.002525541097114642,0.029444315048978154,0.28991728747172796,20.0,0.09247324251588884,0.1126049907782196,-0.016432011227164103
8/21/11,-0.016432011227164103,-0.07998178261316786,-0.02138882133525083,-0.03739771367677347,0.22191451681520588,20.0,0.0911234427416314,-0.220993325460085,-0.01043113996016188
8/22/11,-0.01043113996016188,-0.5767625831609626,-0.028394147559399452,-0.012225342798528438,0.24098947165649323,18.695652173913036,0.10449963524055877,-0.04038137029633941,-1.559983500500377E-4
8/23/11,-1.559983500500377E-4,-0.2808649092112307,-0.02881154442842268,0.024475338385841705,0.24757726675847755,18.260869565217394,0.11724967000574457,0.07145039256717647,-0.009312349124592589
8/24/11,-0.009312349124592589,2.112022838224494,-0.028203090026617306,-0.019903744290063113,0.23869825282016277,20.0,0.12657973555078944,0.10354119103558394,0.012274782221537796
8/25/11,0.012274782221537796,-0.5520495201801269,-0.020537501178629153,0.06628744981213536,0.2801868031995819,17.333333333333307,0.1359311784024802,0.2142677753162292,-0.0055384513367868265
8/26/11,-0.0055384513367868265,0.03058507028645239,-0.019014497104715256,0.008340486100652134,0.25533834501972447,20.0,0.14156890537949884,0.17070116062415275,-9.453830722489188E-5
8/27/11,-9.453830722489188E-5,-0.3512005897018259,-0.011167220459781801,0.08772016538941615,0.2955031182401755,17.551020408163243,0.14343108830257575,0.2522998635322188,-0.0065681219825963885
8/28/11,-0.0065681219825963885,0.5759191748481476,-0.004847340248680887,0.11384751487258538,0.2899183645627226,18.181818181818183,0.14071246553505756,0.254542752382485,0.0068438956698995985
8/29/11,0.0068438956698995985,0.6238293675358327,0.002747653526157523,0.5010452404413549,0.30401148779326886,16.470588235294088,0.1341532881272811,0.283379425498645,-0.008063615343530882
8/30/11,-0.008063615343530882,-0.28184356891469164,0.004355692815937284,0.2174614250895453,0.28017958741677296,20.0,0.12270552719238742,0.21016650792840882,-0.022304846677529116
8/31/11,-0.022304846677529116,0.16124409254723973,-0.0029884116660711113,0.06726179325656934,0.23988354799937228,20.0,0.1125081239007133,0.04853656029363569,-0.001205366529670308
9/1/11,-0.001205366529670308,-0.249798765617757,-0.004702742296203766,0.020810646524516113,0.24713435907318473,19.285714285714302,0.10911091137653783,0.08743461713194793,-0.002885793576115143
9/2/11,-0.002885793576115143,-0.016717667844851576,-0.006616913026496474,-0.025956125446421507,0.23511924593132258,20.0,0.11429464129683722,0.09098492451632645,-0.002439211128491334
9/3/11,-0.002439211128491334,-0.3621225332330316,-0.005988207831365694,-0.04385734349501365,0.232695009223589,20.0,0.11952710168366283,0.1347299397207446,0.011610180697481053
9/4/11,0.011610180697481053,0.9275071790427142,0.002596779683617073,0.1944389081054408,0.3020847498058644,13.793103448275872,0.12381289612368626,0.26523580267239,0.01107229638148836
9/5/11,0.01107229638148836,0.062250245923999976,0.014436299723798618,0.500966252360592,0.350994387669755,8.965517241379363,0.11849420010335171,0.34705466565154786,0.009023326819871266
9/6/11,0.009023326819871266,0.1283576585590734,0.029576677162910486,0.9110396263649626,0.4138659030939719,2.0689655172413963,0.11092433692566496,0.4580927060966935,0.001122764746590485
9/7/11,0.001122764746590485,-0.11192533544783542,0.03890493021785013,1.142229932542093,0.40961438628186303,2.7586206896551744,0.10017880236804862,0.44625078808642327,0.00808761884154459
9/8/11,0.00808761884154459,0.21154881055687313,0.05103252468332206,1.2548188795349438,0.46815199905051574,0.0,0.08436615980301723,0.5816269887103792,-0.0012406878488569733
9/9/11,-0.0012406878488569733,-0.41618592498640383,0.057142687104365014,1.2543229804723282,0.46323092377452474,0.5714285714285599,0.06891250744512586,0.5733180435791165,0.001874911131742126
9/10/11,0.001874911131742126,0.05371108161627848,0.058392518505451685,1.178225424328525,0.45302646630635496,1.7142857142857302,0.05750017776177772,0.5386280396589087,-0.004500709000585605
9/11/11,-0.004500709000585605,-0.24775486384131556,0.05575920535675272,1.0484109871487464,0.4375361323074158,3.4285714285714097,0.05840238588030361,0.4740698816386483,0.0074042717956769736
9/12/11,0.0074042717956769736,0.5416004249248293,0.05517020501915698,1.039793337620083,0.4637313249492012,1.1428571428571197,0.05820679337404625,0.5571707616812266,-6.482280360366054E-4
9/13/11,-6.482280360366054E-4,-0.3963286712766992,0.05449131938423854,1.0828238404871628,0.47678522241375476,0.0,0.05863728026015752,0.5913493742545356,0.009929179914470735
9/14/11,0.009929179914470735,0.4399062415436289,0.055582016868306175,1.0927458594850687,0.5088116887556167,0.0,0.060164053536536734,0.6778920532393701,-0.0024953301526339897
9/15/11,-0.0024953301526339897,0.010668388375430552,0.05121622956312924,0.8275912909487604,0.4774959990001306,6.666666666666667,0.06227722992773171,0.5613392087838406,-0.0033802745192844145
9/16/11,-0.0033802745192844145,-0.15943440219707766,0.04992431932100393,0.9511235614938718,0.5098199023534418,0.0,0.0637349244942608,0.6460199240157152,-0.0179614090570946
9/17/11,-0.0179614090570946,1.2533199421925831,0.033282222887623725,0.23367973045904677,0.39470681455884454,20.0,0.06632238206866041,0.23812936651052546,-0.011759934409438389
9/18/11,-0.011759934409438389,-0.5463102569523369,0.01866447925762814,-0.11114860894076983,0.3741361582787325,20.0,0.06668787606037421,0.17569281087375627,0.001515497495019494
9/19/11,0.001515497495019494,-0.17985672120486837,0.01050654336589689,-0.1944426345118795,0.38780976657162436,18.518518518518547,0.06747113196786655,0.24436840500940007,-0.006056689986103841
9/20/11,-0.006056689986103841,-0.1885938294551171,0.003610312568561591,-0.25924018031376794,0.37465482026203323,20.0,0.06814867046408661,0.21860322840114485,0.002182440019320807
9/21/11,0.002182440019320807,0.341395453013616,-8.654694613012409E-4,-0.25923462507974404,0.37017032155998886,20.0,0.06628837205351272,0.21990959779960034,-0.0037825357181560295
9/22/11,-0.0037825357181560295,-0.025986036537047952,-0.0023112073493885554,-0.20360838548411497,0.378145394368901,19.31034482758622,0.06490199660640479,0.25899334014936143,0.0037182806906181976
9/23/11,0.0037182806906181976,0.029438335361935845,-0.00241489323117787,-0.15243104076330166,0.37814539436890093,19.31034482758622,0.06098336638766113,0.2675885810254509,-0.0031584212880971588
9/24/11,-0.0031584212880971588,0.016422024216525548,-0.0035809974144044437,-0.1357372776608104,0.36234452647413434,20.0,0.05605767633690408,0.20726646714484648,-0.007452703724031389
9/25/11,-0.007452703724031389,0.09119491989095439,-0.009172773709919563,-0.11323590765294644,0.3194406280286899,20.0,0.05620879126621929,0.0443916868539137,0.011229793531218848
9/26/11,0.011229793531218848,0.3577391419903205,0.0012826837213510411,0.6871242465342093,0.4691092926575872,0.0,0.062094689060376615,0.5105731266813449,0.0029880041850437527
9/27/11,0.0029880041850437527,-0.29845109381950025,0.005290804560543233,0.8831593987802554,0.44301267352090207,5.0,0.062149867491081964,0.4136714252449793,0.005180666065437774
9/28/11,0.005180666065437774,0.1661858250733665,0.012055631618120205,1.149935088802914,0.4801916901579835,0.0,0.06274603757927348,0.5366031143468569,0.007711211954989042
9/29/11,0.007711211954989042,-0.16849099295599693,0.01633714826228111,1.2518426078348832,0.4801916901579836,0.0,0.06089440331074299,0.534116642642443,-0.00929996953688581
9/30/11,-0.00929996953688581,0.4868653302681606,0.016885964291586536,1.1580412154229927,0.4624728504694249,2.857142857142881,0.059093798338750565,0.47132028189247654,-0.010039338126330054
10/1/11,-0.010039338126330054,-0.19915659872659022,0.009284349774908773,0.6384741123199147,0.3993235207887886,14.285714285714322,0.0577928501227441,0.22558980906949397,-0.02122952674181916
10/2/11,-0.02122952674181916,0.648639183390561,-0.0043248217013988205,0.14613764131792228,0.3411027745744039,20.0,0.059287997130146125,-0.025580507348438287,0.0016966435929413905
10/3/11,0.0016966435929413905,-0.47535694710611776,-0.008212608330392529,0.0720034565115959,0.38244688310266595,15.862068965517269,0.0647862373178488,0.17501576840606498,0.03370547913868938
10/4/11,0.03370547913868938,2.804300441657331,0.004426129334194034,0.6440813657975333,0.5045733902262532,0.6896551724138396,0.06459539417716341,0.6137597109285075,-0.004268859414894557
10/5/11,-0.004268859414894557,-0.5629364040787566,0.010158148104456519,0.8267736181693346,0.48585606524961844,3.448275862069014,0.05763995748382273,0.5321175193302268,-0.011961605240468007
10/6/11,-0.011961605240468007,-0.20090642143239157,0.00932300499264413,0.7203209988138504,0.4542605302858886,8.275862068965523,0.05204073157214698,0.37081762853953565,5.195076955558466E-4
10/7/11,5.195076955558466E-4,-0.19187386581157814,0.008223282436976363,0.6312872332550854,0.4497835331212246,8.965517241379303,0.040979664409354515,0.3221579064240014,-0.0011185612277973098
10/8/11,-0.0011185612277973098,-0.3058507756619321,0.005720280084804075,0.5148686640243796,0.43597252394799574,11.034482758620697,0.040556339994201225,0.2483240331181203,0.005682259821797264
10/9/11,0.005682259821797264,1.1173817839422913,0.008837669367904956,0.6519511943953242,0.4761831930434475,5.714285714285732,0.04116813690706124,0.48006518439754337,-0.0074762309804730625
10/10/11,-0.0074762309804730625,-0.34775910254513664,0.0038070702221077862,0.4142472656591214,0.42515122236912595,13.571428571428568,0.0409624785052654,0.15854679818049178,-0.011744755226612634
10/11/11,-0.011744755226612634,-0.25165515092569096,-0.0028846117905065027,0.04828788686185925,0.4000929587609997,17.857142857142897,0.042573368915754056,0.032103797077854976,-0.0031482309856265705
10/12/11,-0.0031482309856265705,0.19487412470107227,-0.0070691815302861005,-0.11972604669935294,0.39592586389453793,20.0,0.04620827681484442,0.08301340893652455,-0.009316302399595494
10/13/11,-0.009316302399595494,0.36118756156157616,-0.015828634094966328,-0.18109601198218572,0.35263876861086935,20.0,0.049620330833237414,-0.12133275583307684,-0.007598722816580822
10/14/11,-0.007598722816580822,-0.21907504196512312,-0.021216683203840292,-0.18824977299875756,0.34528478684255115,20.0,0.05786659373882647,-0.025643372921872222,-0.009192427996390048
10/15/11,-0.009192427996390048,0.17953740467039575,-0.02543714766757592,-0.1705125808951498,0.3305149134673672,20.0,0.06561627890265792,0.004727903942963702,-7.383919982043653E-6
10/16/11,-7.383919982043653E-6,-0.468651686692429,-0.026732042654965787,-0.14368354208297412,0.32677082727685886,20.0,0.073877949535282,0.08414150991820543,-0.003338277158796275
10/17/11,-0.003338277158796275,0.20468121193090727,-0.02861714565748985,-0.11579468682389893,0.30807500912772257,20.0,0.07881509205086812,0.06807251364271699,0.017130036815589153
10/18/11,0.017130036815589153,1.6306981807184564,-0.014115542539093875,0.4539108807161234,0.44974495924283614,9.756097560975594,0.08542831864932901,0.4415922326914964,0.00813381707495579
10/19/11,0.00813381707495579,-0.15603929977585124,3.562551184907031E-4,0.967789923987675,0.4821995633379768,2.0000000000000178,0.08180270769755445,0.5350079343147407,0.00565336615674278
10/20/11,0.00565336615674278,-0.48634183136446646,0.006391804108346055,1.0269200010480068,0.45353866325981423,4.444444444444422,0.07699394958343705,0.4378099338043499,0.011640908504807096
10/21/11,0.011640908504807096,0.5041217417231596,0.01893407033010998,1.198357072217634,0.5197973588647395,0.0,0.0727739683907534,0.6600120520456515,-9.573348792094354E-4
10/22/11,-9.573348792094354E-4,-0.44164299777552807,0.025919507025592398,1.2296358343864897,0.5146543302096136,0.5882352941176348,0.0725156919292268,0.6282204582050049,-0.004219381323539151
10/23/11,-0.004219381323539151,0.089030127090438,0.027720413417372372,1.146126988915325,0.49879122664336756,2.3529411764705914,0.07283183525888547,0.564916158467762,0.007743086605506976
10/24/11,0.007743086605506976,0.2837713966719449,0.030581406204716603,1.171206986931013,0.5199299661245581,0.0,0.0729171720071018,0.6258401191603186,-0.006891578582897951
10/25/11,-0.006891578582897951,-0.4137782796160437,0.028781748321899323,1.071827386194017,0.49745111782400925,2.3529411764705914,0.06793010851953146,0.5500284361133696,0.008518072234139449
10/26/11,0.008518072234139449,0.9754528437901009,0.02983321624805789,1.0981092266161472,0.5249575860421494,0.0,0.06364794478770633,0.6444135887575239,0.006023138715927591
10/27/11,0.006023138715927591,0.19807669730882324,0.03510130552787789,1.0988890194019665,0.57031444794778,0.0,0.06268159854903216,0.8077883147532078,0.012026487735190938
10/28/11,0.012026487735190938,-0.02394973725984167,0.04137977318557247,1.088247925151001,0.6019831878575109,0.0,0.06505298638001926,0.8986693314847439,-0.001407139084442496
10/29/11,-0.001407139084442496,-0.21813939256342346,0.040848142893646126,0.9255650767634234,0.5759922559507046,2.6666666666666705,0.0711949503335657,0.7606332398152111,0.0022870091760309945
10/30/11,0.0022870091760309945,-0.08425140380061988,0.04300278591835775,0.9885162626015802,0.6077467577245322,0.0,0.07319401643485325,0.8447238287038922,0.0013854913919476978
10/31/11,0.0013854913919476978,-0.1252904460698914,0.03705752144811306,0.7585112789813264,0.5566957207855441,6.666666666666667,0.08007555060365783,0.6637239940302305,-0.0037606513486023526
11/1/11,-0.0037606513486023526,-0.1199372211602715,0.03264435726335011,0.7108966997077308,0.5664506404745543,5.000000000000037,0.08281306520407716,0.6722188842923069,-0.003968750867097641
11/2/11,-0.003968750867097641,0.05220843257964733,0.024243013015894536,0.4996350311741642,0.5290319846424238,10.0,0.08561335214154603,0.5659483514052104,-0.011554569552316528
11/3/11,-0.011554569552316528,0.6643869939422954,0.013088935748347678,0.01689261947322751,0.48868036141781396,15.833333333333352,0.08405323098425095,0.4601308445281756,-0.0026668407659632865
11/4/11,-0.0026668407659632865,-0.43204713805894707,0.005869794687935397,-0.15860084870959534,0.4945809571972604,18.947368421052655,0.08014407386719874,0.47724631901174713,-5.495114511219355E-4
11/5/11,-5.495114511219355E-4,0.31607671793562847,0.0014820562637935034,-0.1721920034254537,0.5007537461564241,17.894736842105218,0.07350962323386759,0.4940016794592747,0.006526944929954045
11/6/11,0.006526944929954045,-0.01811523952868152,3.719740276072747E-4,-0.024597147830845878,0.5196122080494825,14.736842105263188,0.06458413278861509,0.5499671810143819,0.016639264245880227
11/7/11,0.016639264245880227,0.5710899266682433,0.007755374114139287,0.6051370909643352,0.591291041941725,1.0526315789474374,0.04802256248487413,0.8872236915907734,0.005373706575118325
11/8/11,0.005373706575118325,-0.16812517845869515,0.014314008531481986,0.9639803507310707,0.6104529499749834,0.0,0.04691018411774127,0.9604610168307909,0.006434125774954399
11/9/11,0.006434125774954399,0.19724734822136253,0.020617433469264125,1.1274684272128344,0.6334678905309354,0.0,0.04890317001441919,1.0212782772055717,-0.007396994268911194
11/10/11,-0.007396994268911194,-0.2597127240546087,0.020001704415210125,1.0419337141481577,0.5957557320195742,3.70370370370375,0.04896256135192855,0.847863347677223,0.003761625522048273
11/11/11,0.003761625522048273,-0.3789574292493315,0.018864933118589833,1.0074894372222936,0.600847734449026,2.9629629629629606,0.0505109349349704,0.8282321862445204,-0.011290251909513906
11/12/11,-0.011290251909513906,0.4761956955296889,0.007207350859000615,0.5217380737310189,0.4996898492659775,14.07407407407408,0.05143551518425304,0.44281531028242177,-0.008569903822773053
11/13/11,-0.008569903822773053,-0.30376958350939787,-0.0015153162409426851,0.22394605783315846,0.4937521759398532,15.384615384615358,0.04830944396673796,0.4201153090950774,0.007981510955572675
11/14/11,0.007981510955572675,0.6212277993726518,-9.177820224966285E-4,0.3576202463617377,0.5509259611118908,8.000000000000043,0.04646055185200648,0.6823021575252965,-0.008704528781602777
11/15/11,-0.008704528781602777,-0.1364143330557865,-0.0098239974164619,0.013659050253439275,0.471116661626571,20.0,0.042778750010529144,0.28757622420777057,-0.004121712558256028
11/16/11,-0.004121712558256028,-0.42100610859969206,-0.014625059971532746,-0.10832285730433544,0.4769158472687305,19.166666666666686,0.04176333180853641,0.3316707755680641,-0.006254951976372621
11/17/11,-0.006254951976372621,0.3389414740705495,-0.022311668898264622,-0.1782789431850864,0.4359435260415555,20.0,0.042744345301328465,0.12637824689728017,-0.011060564125942108
11/18/11,-0.011060564125942108,0.13847737007883879,-0.030076731564012683,-0.18956176544485503,0.4077913899088028,20.0,0.046237569593376146,0.030728294718373773,-0.0010784077107749367
11/19/11,-0.0010784077107749367,-0.254942814682923,-0.03294812267501007,-0.1499449111640785,0.4145427040579298,19.39393939393941,0.05221939927721186,0.1464014265965452,8.414687586174182E-4
11/20/11,8.414687586174182E-4,-0.1828633170212517,-0.034441166673109216,-0.13587889488974447,0.4046573050523086,20.0,0.05532621181812528,0.15378750816631936,0.004814104200321817
11/21/11,0.004814104200321817,0.4297954385590352,-0.025979050250293022,0.2188036562199312,0.4837915575404397,11.428571428571429,0.05959919096443334,0.45230559674396537,0.004541712023488384
11/22/11,0.004541712023488384,-0.21316612027636103,-0.021234268327130053,0.3164145425299552,0.467158763582713,13.571428571428523,0.05962371952947797,0.3960292161267221,0.009835582267847535
11/23/11,0.009835582267847535,0.5720901641538704,-0.01263800538587035,0.8881320507675885,0.509331797536977,8.571428571428571,0.060445345307553335,0.5471531278048181,-0.005647158219408077
11/24/11,-0.005647158219408077,-0.21363437108823477,-0.009069477515349438,0.9602140487879156,0.4857914919008546,5.0,0.06000652688145439,0.4624290753564538,-4.7834510027784904E-4
11/25/11,-4.7834510027784904E-4,0.4494563588933053,-0.006904103623085123,0.9202822647094047,0.47985101978888167,6.2499999999999725,0.06002705139210561,0.4458683936456159,-0.001615514782492749
11/26/11,-0.001615514782492749,0.028197491139129078,-0.0063541527277879775,0.7794478868179127,0.46759817083831606,8.749999999999917,0.060317478584210445,0.4111256884336754,-0.002685115721879342
11/27/11,-0.002685115721879342,-0.06430322262681036,-0.007469241244524687,0.5469161758863699,0.4491653669526222,12.499999999999945,0.06114285608219697,0.3612039875432074,-1.078418641224146E-4
11/28/11,-1.078418641224146E-4,-0.011637398608741372,-0.004447052407825985,0.6675225070405313,0.4853903739098466,6.2499999999999725,0.06057122959809173,0.4731681387578111,-0.00682919576394681
11/29/11,-0.00682919576394681,0.3850094148240159,-0.009190816889967507,0.188622820104543,0.42024602370405517,20.0,0.05706665251798763,0.24042938699826302,0.002785958259186388
11/30/11,0.002785958259186388,-0.34953844329525774,-0.006407150631828552,0.34370931256582116,0.47513598455769046,10.0,0.051871672706823,0.42863837641858116,0.05002079751146525
12/1/11,0.05002079751146525,5.490441594565508,0.02457577780356784,0.8188911633746312,0.6658203078331004,0.0,0.04553120761821816,1.61945768491381,0.01806824474454826
12/2/11,0.01806824474454826,-0.49280196273143295,0.04347349590717617,1.0502063011369214,0.6686861907165155,0.0,0.06111558549939339,1.2704759074316512,0.02722893072636726
12/3/11,0.02722893072636726,0.9911341626248962,0.07668106277766346,1.14743455112717,0.7527457482762588,0.0,0.0768265501888685,1.6225282415968827,0.026858990724111912
12/4/11,0.026858990724111912,-0.061044446874599645,0.09779689930078539,1.174265489886484,0.7648397761771321,0.0,0.11579672645549956,1.239031736148386,-0.0034842797291037347
12/5/11,-0.0034842797291037347,-0.46607108877479153,0.10234592788120889,1.1271449796651405,0.7372421000863922,1.0204081632653201,0.14602385416985927,0.9862023763093408,0.010992215257122807
12/6/11,0.010992215257122807,0.5150597497566383,0.10688847037736479,1.1260889161572607,0.7595520027991458,0.0,0.16502272725175957,0.9704758889653187,-0.00455950489195958
12/7/11,-0.00455950489195958,-0.2873331167480833,0.09626713681434651,1.0301281935436915,0.7010879324002384,2.0952380952381167,0.18569058889423726,0.8076698653722575,0.04184631498741864
12/8/11,0.04184631498741864,1.775259021298482,0.12242747303790855,1.0539726762740769,0.7948909384513145,0.0,0.19410588758278022,1.1208981262828022,0.03466404604620895
12/9/11,0.03466404604620895,-0.2601998377151548,0.14191167019623951,1.0585732601237954,0.8124637349496951,0.0,0.22770539950523952,1.0563953193311344,0.012203453696837152
12/10/11,0.012203453696837152,-0.07811688586686706,0.14948478713171856,1.054109824043248,0.819294051373337,0.0,0.2592868321968994,0.9664182802142693,-0.0074888112984909175
12/11/11,-0.0074888112984909175,-0.2478266261768073,0.1386437421573784,0.9665684174571898,0.7801520946264592,1.4399999999999966,0.28360351269756484,0.8469703434115788,-0.008173405418952596
12/12/11,-0.008173405418952596,-0.15237262965708395,0.12289513197974111,0.9272061429168861,0.7813954140360642,1.8181818181818181,0.29837950853290274,0.7992211822023808,-0.001497152285268962
12/13/11,-0.001497152285268962,-0.12641514536776982,0.09823425393019142,0.8260687388694485,0.7409865678861226,3.953488372093016,0.30756955256685486,0.7290922901874153,0.013597470447434605
12/14/11,0.013597470447434605,0.02922049619105909,0.0824579166816315,0.8864757889457093,0.7588052431958813,1.1627906976744335,0.3103981816604573,0.7451478390942464,0.03261789818974167
12/15/11,0.03261789818974167,0.7396163713864367,0.08820556019730486,0.965152854260146,0.8024814978294109,0.0,0.3105232808152755,0.8420177312684796,0.0033210964912117787
12/16/11,0.0033210964912117787,-0.5900850364271055,0.08460549624655367,1.0039923439265457,0.8035402924895152,0.0,0.31745467866440263,0.8029265554667204,0.0051368359424908095
12/17/11,0.0051368359424908095,0.3315688296069759,0.07003694550686584,0.9096996344531065,0.7724836489277378,2.500000000000008,0.317648616076698,0.7487201695498319,0.006265684388099585
12/18/11,0.006265684388099585,-0.06451495122182097,0.06642840811087758,0.9730632327637734,0.7965544345888773,0.0,0.30746941104062564,0.7972226542906365,0.03411143169430203
12/19/11,0.03411143169430203,0.6592968408770975,0.07802345275822575,1.0042178061503169,0.8286104263545507,0.0,0.29759706636128375,0.8872582846798114,0.02187442287425183
12/20/11,0.02187442287425183,0.3173829654418578,0.08368408277826955,1.0175956380831896,0.8369515936527305,0.0,0.285895861042693,0.8955303796062474,0.013480718781366198
12/21/11,0.013480718781366198,-0.05062753022422512,0.09790119691056992,1.0215862702663348,0.8590074127758562,0.0,0.27004757101851307,0.9837711300638722,-0.004939468252046003
12/22/11,-0.004939468252046003,-0.37610551065264025,0.0846040963623409,0.8944934787499368,0.7833209292435718,2.9629629629629797,0.2771448994589155,0.8513184800233095,-0.0070458393339964355
12/23/11,-0.0070458393339964355,0.13596925770924057,0.0686057312650532,0.8075941900393386,0.7853473096423266,2.926829268292677,0.26734385629448015,0.8336888390441273,0.0015863764253315701
12/24/11,0.0015863764253315701,-0.3108440306076796,0.043938440617867114,0.6852133118147243,0.747878632162061,6.021505376344113,0.2651996535318786,0.7657175113121637,-0.013520489461672426
12/25/11,-0.013520489461672426,0.4150952470128015,0.007372471265370439,0.4483548593675022,0.6722754993404185,10.752688172043014,0.2576804145079094,0.664330768081229,0.02092758508772955
12/26/11,0.02092758508772955,0.33277910381185477,0.013111933661889785,0.762801279640448,0.7400931579287741,0.0,0.23739210395547652,0.8723001873397042,0.014327577817429361
12/27/11,0.014327577817429361,-0.41374208142441266,0.00993714913464483,0.8995605527576833,0.7339524399920827,0.5263157894736732,0.22919360139277026,0.8378140866984359,-0.018076013848238034
12/28/11,-0.018076013848238034,0.16900205531967438,-0.010806490114065204,0.6591334177570451,0.6712915626761394,8.679245283018895,0.20779119064788754,0.740480348942279,-0.016220052712271844
12/29/11,-0.016220052712271844,-0.2554047443559133,-0.03379178145524242,0.409857476957761,0.6459679332201657,12.075471698113233,0.20023153734542104,0.6828912445941113,0.016006377596955064
12/30/11,0.016006377596955064,0.11314299401494049,-0.04286026560126133,0.4883292888483082,0.6654968875946298,7.1698113207547065,0.19321555198634482,0.7332845473693415,0.012069790605993119
12/31/11,0.012069790605993119,0.37176600969357326,-0.03561294945183435,0.8190516616194516,0.6984042258393355,0.0,0.18763055366207132,0.8341700649198699,0.025346231272022172
1/1/12,0.025346231272022172,0.35961507200925397,-0.028648779150239112,0.9861447537822432,0.708640997188274,0.0,0.18151863197012666,0.8509015959424673,-0.0012569600743047454
1/2/12,-0.0012569600743047454,-0.3560929586677613,-0.019609149580134877,1.0619478221010126,0.7237123983476537,0.0,0.1733984345347102,0.8930612422297504,0.024994144562734556
1/3/12,0.024994144562734556,1.0530460351318398,-0.016717784469724217,1.088754983342575,0.7249825844641911,0.0,0.15919332316832085,0.8905148823964021,-0.014600972713723523
1/4/12,-0.014600972713723523,-0.7198192788749675,-0.015240792782645673,1.0908076124118726,0.7315930634354764,0.0,0.14388099320801387,0.9197157107210827,0.040859523647786805
1/5/12,0.040859523647786805,1.9324404393085506,0.01530130954275638,1.0816301572857963,0.7882952592653363,0.0,0.13951663583978607,1.2193843085633922,0.022131265941673025
1/6/12,0.022131265941673025,-0.2737545012776846,0.03689785235251403,1.0684812708646743,0.7988043663974823,0.0,0.15147334095671963,1.162957965462754,-0.004679390607594125
1/7/12,-0.004679390607594125,-0.09889649377020689,0.04018408814511387,1.0140926187334802,0.7781119806490154,0.9448818897637864,0.1578168067113688,1.0373714894238608,0.008432332242096321
1/8/12,0.008432332242096321,0.05213256901768557,0.05087521979846732,1.0234417572252537,0.800284044150122,0.0,0.16108910417382993,1.1002411565635621,0.02710250976184657
1/9/12,0.02710250976184657,0.23191085658022076,0.08020925769428855,1.0249922901965685,0.834899528540103,0.0,0.1767180324082885,1.215276645678063,0.03513505115308164
1/10/12,0.03513505115308164,0.2168126870570471,0.09717157385194175,1.0229044948286456,0.8423732052250651,0.0,0.20712914636208088,1.0937592812347101,-0.01506766116240732
1/11/12,-0.01506766116240732,-0.34836726013246644,0.08484721576806198,0.9128867408409362,0.7793728177569109,2.721088435374163,0.23655324281255344,0.8952885981615525,0.0058624509625090976
1/12/12,0.0058624509625090976,-0.24412428788477844,0.07567904595481201,0.9263803320554871,0.7902953495616175,0.9589041095890445,0.248542900651982,0.8801663818829603,-0.033164404400088325
1/13/12,-0.033164404400088325,1.3566196254803784,0.024124871888967503,0.41435349961767587,0.6411753638910418,9.078014184397171,0.2611546160233898,0.646644589906323,-0.01993058556350407
1/14/12,-0.01993058556350407,-0.37846168196308555,-0.02071598032579891,0.04718898919323378,0.6213414850856197,16.40449438202247,0.2556607472617597,0.6062919906589536,0.00251176839196419
1/15/12,0.00251176839196419,-0.3922977475295411,-0.05831302834612062,-0.18281811062464226,0.6035602406502779,19.51807228915664,0.2406638164577286,0.5747774137988687,-0.01427689204150479
1/16/12,-0.01427689204150479,-0.03768599175641531,-0.09437140676807054,-0.28079462194685023,0.5686865449922769,20.0,0.2356445058343851,0.5135524339322647,-0.03537189648080088
1/17/12,-0.03537189648080088,1.3089288618743786,-0.13565634188511955,-0.29314033565151487,0.5113137437247425,20.0,0.22899705423856254,0.4088645445324883,-0.04355755748419608
1/18/12,-0.04355755748419608,0.09930427988427776,-0.19688906786615606,-0.26605617111453095,0.41913961357247725,20.0,0.21801018362571586,0.18940958047877035,-0.008456582162581673
1/19/12,-0.008456582162581673,-0.5074597311728469,-0.23441900347036593,-0.22445696786314567,0.40844280964623336,20.0,0.21378590971520284,0.1802681644834553,0.008500998616942286
1/20/12,0.008500998616942286,-0.18817675620344654,-0.23799822710649732,-0.10575995278454617,0.4427281283297858,18.06451612903226,0.2154532190426436,0.2813274469777182,0.023013916397186616
1/21/12,0.023013916397186616,1.0519768105736298,-0.23041673014556996,0.00878566985396545,0.44464403175910966,17.95698924731183,0.21829202810444043,0.30770741132401247,-0.007224113417038171
1/22/12,-0.007224113417038171,-0.33436458881993314,-0.21252129480461923,0.12256447249850527,0.4566527982675023,16.124031007751935,0.22232121802650437,0.3513038586391507,0.027970228894114393
1/23/12,0.027970228894114393,0.41458569626572883,-0.14968623704436554,0.6595145545073559,0.5683302199978462,4.666666666666659,0.22555417870949587,0.6171836547256577,0.03087558371542342
1/24/12,0.03087558371542342,-0.006452283167969726,-0.09737453865991208,1.0550383706136468,0.5833926813322127,1.6071428571428557,0.2211620276614635,0.6493705884681703,-0.04692101064679079
1/25/12,-0.04692101064679079,0.16931726288691892,-0.11097672825843041,0.6357145950608811,0.4611435952274416,15.145631067961162,0.218713849994763,0.3376421545153821,0.022595101058044877
1/26/12,0.022595101058044877,-0.10495815319743503,-0.07175268903938134,0.9191665920198779,0.5493502433106849,1.9417475728155282,0.22614538152589014,0.6101866483634046,0.029872555335793166
1/27/12,0.029872555335793166,-0.11975678202086891,-0.042154147913022105,1.0735442228387113,0.5539520054096692,1.1650485436893308,0.2248531709095622,0.6148542650949835,-0.027956595894458754
1/28/12,-0.027956595894458754,-0.06845479309067351,-0.044933098008276176,0.797656475650725,0.5055543676104546,7.961165048543697,0.22461217466675465,0.47383583289308767,-0.007430356864902064
1/29/12,-0.007430356864902064,-0.46205316327960905,-0.048612244424315526,0.593165014464373,0.4988829841975846,10.823529411764689,0.2234632445787896,0.4574597815709885,-0.019432916293873236
1/30/12,-0.019432916293873236,-0.08700215078656684,-0.06467730850696095,0.21455747495917477,0.46717749841649925,16.666666666666654,0.21154190367948597,0.36399985681815084,-0.015978889057398474
1/31/12,-0.015978889057398474,0.4062170706734344,-0.08368699612443961,-0.045928330414667595,0.44447828761709607,20.0,0.19429779803240693,0.2873583537257136,-0.011102578421146895
2/1/12,-0.011102578421146895,-0.20056284941266092,-0.09442058496300774,-0.15659665164585712,0.43939511595873443,20.0,0.18211039102334914,0.27525565330727114,0.019656964535053386
2/2/12,0.019656964535053386,0.545125884523503,-0.08387276002960853,-0.0075043912608259156,0.4717582221861353,15.652173913043493,0.15710674798850946,0.3717966256517995,0.019706248041608535
2/3/12,0.019706248041608535,0.311345669203453,-0.06928240159455185,0.13969601600129566,0.48138156049839237,13.953488372093025,0.14670703121123063,0.4103562138590651,-0.013052401154672866
2/4/12,-0.013052401154672866,-0.3345546160749871,-0.05850879331209967,0.1960565879936198,0.47672893869882793,14.651162790697661,0.1359819434534409,0.3935926595623415,0.002839261872909535
2/5/12,0.002839261872909535,-0.19728863318861134,-0.037795334292672574,0.6310488786176591,0.5057331256593485,10.697674418604636,0.12545296638549014,0.5109402788064626,0.04415284786111824
2/6/12,0.04415284786111824,1.216281997044454,0.011761075677218086,1.009164204277361,0.5841757102494883,0.0,0.11742489740464813,0.8998031095369042,0.007338589699564633
2/7/12,0.007338589699564633,-0.23819782151468186,0.03656592554771613,1.1017291301000274,0.5680763336597358,1.9148936170212745,0.1259447662452597,0.7757538080183064,-0.004609832909609319
2/8/12,-0.004609832909609319,-0.364485666554784,0.04766420789706978,1.0878306358682552,0.5607178111790371,2.765957446808491,0.1274965205581997,0.7193467602952495,0.0040959977705166415
2/9/12,0.0040959977705166415,-0.275221479175735,0.050757405869794305,1.0399796741628613,0.5568536235833577,3.191489361702137,0.12390470293531085,0.6901629843858184,-0.030197018537966434
2/10/12,-0.030197018537966434,0.4190793007535932,0.028133682673706535,0.6056383577618691,0.49475065339776914,10.425531914893627,0.12295457040350745,0.44137701199293156,0.0015241092642641954
2/11/12,0.0015241092642641954,-0.09904889808384272,0.016040007635825852,0.426808661082849,0.5051846347292509,11.62162162162161,0.11836341119381438,0.4874550638652451,-0.06778540105304455
2/12/12,-0.06778540105304455,1.6189016821511213,-0.03991035626418032,0.03699481320534703,0.39687996873847126,20.0,0.11526385757482348,-0.0543924637263883,3.1532872987813506E-4
2/13/12,3.1532872987813506E-4,-0.5604086456757883,-0.06608025454850587,-0.06724191419417391,0.41679329155073297,18.119658119658098,0.1276074984048359,0.11783743081669135,0.004728836687738863
2/14/12,0.004728836687738863,-0.41957693227689963,-0.08418721047522527,-0.1488330675296511,0.40633913127139193,19.487179487179468,0.13018861291085596,0.10677434690302318,-0.003997875507775288
2/15/12,-0.003997875507775288,0.1003183395975465,-0.09227033427628761,-0.1784511658456071,0.40362736491262496,19.829059829059833,0.1386382754946851,0.1518255705283967,7.368625290246215E-4
2/16/12,7.368625290246215E-4,0.06075693780867173,-0.09024579764143824,-0.1480451673726066,0.40995589110712105,19.25925925925924,0.14267155864506356,0.21069108159842112,-0.018603811687481733
2/17/12,-0.018603811687481733,0.008260976990094785,-0.09263541924039885,-0.1437229528731208,0.38930021014146093,20.0,0.14216234243105583,0.15057627910499036,0.017367632433258458
2/18/12,0.017367632433258458,-0.26472308134976696,-0.08086275433971685,-0.014721640554114401,0.4163088032738504,17.85714285714287,0.15008668011582357,0.2690068932107489,-0.006284743662333336
2/19/12,-0.006284743662333336,-0.17049579650039945,-0.07085710881447452,0.023083992707436163,0.4098355032162812,18.095238095238095,0.15397394392532765,0.27285031907801166,0.006846968101404973
2/20/12,0.006846968101404973,-0.20669993621906874,-0.05849295175991395,0.34419991517893644,0.4147109427656379,17.619047619047628,0.1592506804881541,0.3116659718534784,-0.006797958721653967
2/21/12,-0.006797958721653967,-0.033979805444101265,-0.051547124027138985,0.20528742453792304,0.40053019370983617,18.095238095238145,0.1632924834512431,0.2901553359182165,-0.010748127159443626
2/22/12,-0.010748127159443626,0.8111274884092547,-0.05015855550192394,0.05724676247897481,0.3813209500803738,20.0,0.1685423705430089,0.2576463014574461,-0.017573951607177667
2/23/12,-0.017573951607177667,0.666693262543688,-0.050935285672222164,-0.014909838711554935,0.36593609869581,20.0,0.1762942330184494,0.24409120450703253,-0.009053893051020551
2/24/12,-0.009053893051020551,-0.31673939170088833,-0.056741433646913725,-0.04532279049495094,0.3413434035368206,20.0,0.18498259360130948,0.2057357801028117,-0.008620962996041199
2/25/12,-0.008620962996041199,0.19869824643072898,-0.05314087406409773,0.015332010125449547,0.3537522629379153,18.297872340425496,0.19614877310652837,0.2659839485054313,0.045103605423475614
2/26/12,0.045103605423475614,0.7276318272785782,-0.013717698909830212,0.7591046611279836,0.48602933142724797,0.0,0.20121920846466745,0.5207938568679426,0.021923184839940376
2/27/12,0.021923184839940376,-0.30967553776260737,0.018681439668960576,1.116436432559334,0.5031223217747056,0.0,0.18171195979199078,0.5602109415460422,-0.021212189793797825
2/28/12,-0.021212189793797825,-0.1176948950082138,0.015580927683111284,0.7931773693308717,0.4302937801244223,12.063492063492074,0.16240285534604104,0.35116505588785585,2.524665241653212E-4
2/29/12,2.524665241653212E-4,-0.03511792566933067,0.026733012717693794,0.8400354677410695,0.47129306331427384,6.0317460317460645,0.14132766229275642,0.4658671054073151,-0.0036988443225689457
3/1/12,-0.0036988443225689457,-0.29222128883847986,0.026389332993542902,0.6969772778498579,0.44940755969171176,9.841269841269845,0.11159062879668656,0.3641363540155631,0.0016783654953444324
3/2/12,0.0016783654953444324,-0.2894753675353504,0.024541790003319575,0.5753542930930221,0.4438862711696843,10.793650793650777,0.09412637667714711,0.32530915344895706,-0.018639376056850187
3/3/12,-0.018639376056850187,0.5276137405090153,0.01987804029082324,0.4344436888186246,0.43250005423153043,12.698412698412694,0.06352218935379236,0.18003992895377952,0.02865345223203818
3/4/12,0.02865345223203818,0.3558501174414954,0.029602738109883703,0.5811006088051547,0.47793575833055596,6.666666666666686,0.0641790427474814,0.480690429924274,0.00747766921988793
3/5/12,0.00747766921988793,-0.19664920600496574,0.04330134426678761,0.7551139745251505,0.5047664791131531,3.0508474576271145,0.062118827506000965,0.6561795937045353,-0.007258561359402364
3/6/12,-0.007258561359402364,-0.3160443183969202,0.04654856696393819,0.698551695453465,0.48905748700878715,8.0,0.06364913869973982,0.5387180554501844,0.006155637507718964
3/7/12,0.006155637507718964,0.20063858876884086,0.04679780643503312,0.7728569816041946,0.4867389230779505,8.49999999999999,0.06403305301443389,0.5207377457484011,-0.012357509962148254
3/8/12,-0.012357509962148254,-0.10375356744554622,0.040581004421377256,0.6017289853782466,0.4677320992512008,10.322580645161283,0.06393102300920846,0.4059295692910887,0.002194247112322481
3/9/12,0.002194247112322481,-0.0238193057409789,0.03947928852415486,0.6631143972823894,0.4839259445293134,6.451612903225888,0.06395453576657233,0.4995450693484213,0.0010407719318116524
3/10/12,0.0010407719318116524,0.06126226204656033,0.03708414552523823,0.6668966365668327,0.48131103000854225,7.096774193548454,0.06384535045836254,0.4854579205476472,-0.0034297801530127564
3/11/12,-0.0034297801530127564,0.005280314419556791,0.03136663600890731,0.5407145646589469,0.46777022778550387,10.322580645161283,0.06404937500604424,0.41641410353779873,7.318123987346631E-4
3/12/12,7.318123987346631E-4,-0.2980361111234434,0.028262198379931103,0.19919582479871067,0.47411090954939256,9.032258064516151,0.06373791376966383,0.45231291152535724,0.005484075478676181
3/13/12,0.005484075478676181,1.3616111708831629,0.03582838100419691,0.7197212932165284,0.5228365109167704,0.0,0.06380450567572238,0.6830944666350929,0.013832141376723757
3/14/12,0.013832141376723757,0.10128185541571032,0.045137173288355356,0.9822080243781668,0.5480723478192631,0.0,0.06521231372480127,0.785976897159671,0.02305105560122924
3/15/12,0.02305105560122924,0.2756779303321409,0.06005275363097175,1.1008456799635429,0.5917669966914626,0.0,0.06610186810253423,0.9850859215375513,-0.00911985634095452
3/16/12,-0.00911985634095452,-0.41488963709993365,0.06224754904951492,1.0186310776014975,0.5675577252579913,3.1818181818181985,0.06550470618894214,0.8462045605786276,7.466977837771356E-4
3/17/12,7.466977837771356E-4,-0.2241078844300552,0.06195586310556146,0.9976979022727446,0.5729064368913213,2.2727272727273076,0.06026638523955363,0.8692882031208127,-0.006703244057838624
3/18/12,-0.006703244057838624,0.1583684874255644,0.04530171685145207,0.6048116735912774,0.5029258582343025,11.818181818181822,0.06527940366568057,0.5212615770484437,-0.004915419305465338
3/19/12,-0.004915419305465338,-0.23342207661361083,0.03575427615107487,0.4968326587277545,0.5179469867689206,9.545454545454595,0.06427118024381921,0.588927238386005,0.007242485327599236
3/20/12,0.007242485327599236,0.09988786668080109,0.033632888754934705,0.6007090637782562,0.5444937432653582,5.454545454545506,0.061652461041174965,0.713805489344105,0.01417033694952412
3/21/12,0.01417033694952412,0.6014653890633457,0.047049561028358736,0.8817182049681986,0.6108298850770763,0.0,0.06358722864770038,1.0497850282350254,0.013847004879124524
3/22/12,0.013847004879124524,-0.17883465433051007,0.050887505975999725,0.9614202449450375,0.6000270481503359,1.5000000000000555,0.0717300243170575,0.9026077818654348,-0.0025708897131957067
3/23/12,-0.0025708897131957067,-0.02191383782029402,0.05159539906184815,1.0316855688297382,0.605016677281312,0.5000000000000777,0.07504132237731821,0.8706856839822636,0.001445285778521764
3/24/12,0.001445285778521764,0.13885006232645145,0.044443141259879464,0.9205050940196371,0.5779783106622435,4.0,0.07481872463675222,0.7533274656146677,-0.06166563221635288
3/25/12,-0.06166563221635288,-0.18345423241679068,-0.0030999603163651135,0.23547987254629899,0.40391455709440666,20.0,0.07648917931943686,-0.0030754097235979397,-0.014353470107778425
3/26/12,-0.014353470107778425,-0.2767473864921407,-0.039636545063791086,-0.0951402117247735,0.38423495347117315,20.0,0.08325891575091149,-0.02676093816205916,-0.009371599921441843
3/27/12,-0.009371599921441843,-0.06247513797866076,-0.0666306338062525,-0.2315113367647197,0.3669928526415968,20.0,0.09216734459705353,-0.01986581280281354,-0.01610558017648511
3/28/12,-0.01610558017648511,0.2838686461994454,-0.09309667451167676,-0.26639724380861596,0.3315673678610966,20.0,0.10342826489013754,-0.09559435281736493,-0.00886821075463313
3/29/12,-0.00886821075463313,-0.0010151676256255782,-0.11125039881614282,-0.2523023976271681,0.31526441129173205,20.0,0.12072647559723468,-0.039756011053056,-0.043832935592641356
3/30/12,-0.043832935592641356,0.7668380499573973,-0.13766697652668822,-0.21800442181017257,0.26857326538269083,20.0,0.14039552836084274,-0.1385306220392381,9.030544579259275E-4
3/31/12,9.030544579259275E-4,-0.3934398435615946,-0.1465041500726812,-0.1785381634681554,0.2685732653826909,20.0,0.1715930953732009,0.023247104513487313,-7.78612180629728E-4
4/1/12,-7.78612180629728E-4,-0.3287926666868393,-0.144163898463388,-0.14116003048635276,0.26719668001453944,20.0,0.19646729772492466,0.11554347821798605,0.005497760986294964
4/2/12,0.005497760986294964,-0.22445248689136346,-0.130144718012717,-0.05263817950867389,0.2905722920143958,19.178082191780817,0.21749208073835793,0.20947430178165646,-0.017041888372539827
4/3/12,-0.017041888372539827,0.315815430297869,-0.12455993300586216,-0.055639219101968354,0.2635499504744768,20.0,0.23278788393463357,0.17966098501819996,-0.038220501778219514
4/4/12,-0.038220501778219514,1.5905668285183534,-0.1427776525441954,-0.050790879020991664,0.2091383964574919,20.0,0.2509411453147964,0.04943541059262034,-0.02711295849397924
4/5/12,-0.02711295849397924,0.07175250166258988,-0.15357406962782966,-0.04299263020489183,0.1962100539543921,20.0,0.2797242544782118,0.08149961532807784,-0.06813098655045055
