DATE_0,OPEN_0,HIGH_0,LOW_0,CLOSE_0,VOLUME_0,AMOUNT_0,OUTPUTCLOSE_0
1/3/11,9.65,9.67,9.37,9.43,8.8189088E7,8.3867839E8,9.42
1/4/11,9.43,9.55,9.38,9.42,4.512501E7,4.2621446E8,9.39
1/5/11,9.38,9.42,9.35,9.39,4.821316E7,4.5250863E8,9.22
1/6/11,9.33,9.34,9.15,9.22,6.5663811E7,6.0599396E8,9.4
1/7/11,9.25,9.61,9.13,9.4,9.548776E7,8.9486439E8,9.32
1/8/11,9.33,9.46,9.27,9.32,4.4930056E7,4.2040995E8,9.26
1/9/11,9.25,9.31,9.13,9.26,4.1364988E7,3.8081608E8,9.26
1/10/11,9.19,9.31,9.17,9.26,3.1523822E7,2.9125382E8,9.28
1/11/11,9.31,9.4,9.27,9.28,3.0410552E7,2.8391122E8,9.03
1/12/11,9.09,9.15,9.0,9.03,7.1952165E7,6.516852E8,8.73
1/13/11,8.95,9.09,8.62,8.73,9.8624718E7,8.7189197E8,8.87
1/14/11,8.52,8.95,8.47,8.87,1.10925176E8,9.6866671E8,8.91
1/15/11,9.02,9.08,8.87,8.91,6.7295852E7,6.0524219E8,9.1
1/16/11,8.73,9.15,8.71,9.1,7.4782511E7,6.7342889E8,9.03
1/17/11,9.12,9.15,8.98,9.03,5.116264E7,4.6390792E8,9.37
1/18/11,9.07,9.39,8.99,9.37,8.9493443E7,8.2502345E8,9.35
1/19/11,9.35,9.51,9.27,9.35,9.2194078E7,8.6660234E8,9.28
1/20/11,9.34,9.41,9.28,9.28,4.4535594E7,4.1537055E8,9.12
1/21/11,9.32,9.33,9.09,9.12,4.0832235E7,3.7540215E8,9.02
1/22/11,8.99,9.08,8.94,9.02,5.5545006E7,5.0019583E8,8.98
1/23/11,9.04,9.15,8.95,8.98,4.276255E7,3.8577914E8,9.18
1/24/11,9.03,9.19,8.93,9.18,4.8210876E7,4.3871216E8,9.1
1/25/11,9.21,9.34,9.08,9.1,5.3322202E7,4.9071779E8,9.48
1/26/11,9.15,9.53,9.11,9.48,1.2103888E8,1.13519101E9,9.46
1/27/11,9.42,9.51,9.32,9.46,6.1998169E7,5.8445025E8,9.18
1/28/11,9.29,9.29,9.13,9.18,7.5330948E7,6.939171E8,9.19
1/29/11,9.25,9.4,9.15,9.19,4.9166774E7,4.5622329E8,9.29
1/30/11,9.18,9.35,9.16,9.29,3.4349428E7,3.1810088E8,9.37
1/31/11,9.31,9.43,9.28,9.37,5.8506018E7,5.4806883E8,9.29
2/1/11,9.35,9.4,9.2,9.29,3.2039819E7,2.9724879E8,9.15
2/2/11,9.2,9.22,9.11,9.15,3.0840689E7,2.8259175E8,9.11
2/3/11,9.09,9.22,9.03,9.11,4.2139539E7,3.8469436E8,9.29
2/4/11,9.13,9.38,9.08,9.29,4.0598521E7,3.7441388E8,9.26
2/5/11,9.3,9.33,9.2,9.26,2.841365E7,2.6339721E8,9.3
2/6/11,9.3,9.41,9.22,9.3,3.8055811E7,3.543316E8,9.15
2/7/11,9.18,9.22,9.12,9.15,2.7627217E7,2.529398E8,9.1
2/8/11,9.2,9.21,8.94,9.1,5.0592099E7,4.5796715E8,8.95
2/9/11,9.1,9.17,8.94,8.95,5.6765027E7,5.1265184E8,8.98
2/10/11,9.02,9.07,8.95,8.98,4.222405E7,3.8021399E8,8.81
2/11/11,8.91,8.92,8.79,8.81,4.1510239E7,3.6608058E8,8.86
2/12/11,8.8,8.92,8.73,8.86,3.4551618E7,3.0525134E8,9.09
2/13/11,8.86,9.22,8.76,9.09,7.0353056E7,6.3506986E8,8.82
2/14/11,9.01,9.02,8.8,8.82,5.3791988E7,4.7955763E8,8.73
2/15/11,8.71,8.81,8.61,8.73,5.4164832E7,4.7075686E8,8.44
2/16/11,8.65,8.72,8.4,8.44,8.174838E7,6.9743615E8,8.52
2/17/11,8.52,8.58,8.48,8.52,4.0252611E7,3.4300839E8,8.43
2/18/11,8.59,8.6,8.4,8.43,4.2407399E7,3.6000894E8,8.45
2/19/11,8.39,8.52,8.33,8.45,4.3757787E7,3.693925E8,8.54
2/20/11,8.48,8.64,8.44,8.54,6.0468787E7,5.1566392E8,8.42
2/21/11,8.52,8.56,8.41,8.42,3.2428434E7,2.7436557E8,8.57
2/22/11,8.78,8.78,8.48,8.57,5.9130344E7,5.1105047E8,8.85
2/23/11,8.54,8.92,8.49,8.85,8.9412222E7,7.8707285E8,8.87
2/24/11,8.82,8.94,8.76,8.87,5.1298778E7,4.5396329E8,8.83
2/25/11,8.84,8.88,8.73,8.83,4.0504198E7,3.5639989E8,8.92
2/26/11,8.84,9.05,8.82,8.92,4.6009758E7,4.1084834E8,8.78
2/27/11,8.85,8.9,8.75,8.78,4.1115344E7,3.6217773E8,8.84
2/28/11,8.78,8.92,8.75,8.84,3.6188377E7,3.1954573E8,8.73
3/1/11,8.77,8.86,8.64,8.73,5.0658455E7,4.4317523E8,8.89
3/2/11,8.75,8.97,8.7,8.89,5.9306969E7,5.269767E8,9.16
3/3/11,8.91,9.21,8.87,9.16,9.4932084E7,8.6418549E8,9.16
3/4/11,9.18,9.25,9.08,9.16,6.6314936E7,6.0822306E8,9.18
3/5/11,9.13,9.3,9.05,9.18,6.8454846E7,6.3130157E8,9.26
3/6/11,9.26,9.35,9.21,9.26,4.5585827E7,4.2236045E8,9.38
3/7/11,9.4,9.55,9.26,9.38,8.2502754E7,7.7573174E8,9.21
3/8/11,9.35,9.35,9.16,9.21,5.0778832E7,4.6874773E8,9.18
3/9/11,9.15,9.34,9.11,9.18,5.7198902E7,5.2751305E8,9.36
3/10/11,9.08,9.37,9.04,9.36,5.9397848E7,5.4605979E8,9.24
3/11/11,9.38,9.39,9.22,9.24,8.4349601E7,7.8565896E8,9.31
3/12/11,9.35,9.36,9.23,9.31,4.2565042E7,3.9592234E8,9.18
3/13/11,9.25,9.28,9.16,9.18,3.2870037E7,3.0277762E8,9.21
3/14/11,9.24,9.3,9.14,9.21,3.1693301E7,2.9160357E8,9.27
3/15/11,9.24,9.29,9.18,9.27,2.7951632E7,2.5797514E8,9.05
3/16/11,9.2,9.25,9.04,9.05,4.6636157E7,4.2665714E8,9.08
3/17/11,9.06,9.17,9.05,9.08,2.5261827E7,2.300055E8,9.21
3/18/11,9.18,9.27,9.13,9.21,4.2296963E7,3.8937109E8,9.18
3/19/11,9.2,9.22,9.13,9.18,3.0013432E7,2.7517928E8,8.92
3/20/11,9.18,9.18,8.87,8.92,6.4028631E7,5.7611515E8,8.86
3/21/11,8.94,8.97,8.84,8.86,3.2007465E7,2.8459045E8,8.8
3/22/11,8.8,8.89,8.76,8.8,3.681993E7,3.2419879E8,8.74
3/23/11,8.84,8.85,8.67,8.74,3.2355327E7,2.8190384E8,8.75
3/24/11,8.7,8.81,8.68,8.75,3.0669913E7,2.6809963E8,8.69
3/25/11,8.76,8.77,8.62,8.69,2.6370231E7,2.2882239E8,8.7
3/26/11,8.62,8.76,8.6,8.7,2.4460075E7,2.1263467E8,8.62
3/27/11,8.7,8.72,8.6,8.62,2.1366538E7,1.848566E8,8.6
3/28/11,8.63,8.68,8.57,8.6,2.3967739E7,2.0643156E8,8.73
3/29/11,8.66,8.74,8.62,8.73,2.596061E7,2.2538835E8,8.5
3/30/11,8.69,8.73,8.47,8.5,4.4971839E7,3.8465839E8,8.81
3/31/11,8.74,8.95,8.73,8.81,8.9049077E7,7.8721912E8,8.8
4/1/11,8.78,8.85,8.71,8.8,3.8638133E7,3.3955736E8,8.8
4/2/11,8.84,8.91,8.63,8.8,4.0188321E7,3.544394E8,8.73
4/3/11,8.76,8.84,8.7,8.73,2.6440305E7,2.321293E8,8.78
4/4/11,8.74,8.83,8.7,8.78,2.3350899E7,2.0493533E8,8.78
4/5/11,8.78,8.83,8.68,8.78,2.1909676E7,1.9175996E8,8.7
4/6/11,8.73,8.78,8.64,8.7,2.9514E7,2.5710979E8,8.66
4/7/11,8.68,8.74,8.64,8.66,2.3035328E7,2.0010978E8,8.58
4/8/11,8.64,8.72,8.56,8.58,4.7600711E7,4.1216076E8,8.6
4/9/11,8.57,8.65,8.54,8.6,2.7334982E7,2.3520216E8,8.49
4/10/11,8.56,8.62,8.48,8.49,4.1518789E7,3.5479972E8,8.62
4/11/11,8.51,8.65,8.49,8.62,3.7730295E7,3.2246328E8,8.61
4/12/11,8.57,8.64,8.37,8.61,4.5264959E7,3.8467266E8,8.59
4/13/11,8.58,8.75,8.56,8.59,3.8376971E7,3.3173107E8,8.53
4/14/11,8.66,8.72,8.5,8.53,4.163765E7,3.596813E8,8.53
4/15/11,8.49,8.59,8.45,8.53,4.2682705E7,3.6345384E8,8.54
4/16/11,8.54,8.61,8.49,8.54,2.3263186E7,1.9889032E8,8.47
4/17/11,8.52,8.56,8.42,8.47,3.1788769E7,2.6987705E8,8.44
4/18/11,8.47,8.53,8.4,8.44,3.1075676E7,2.6287694E8,8.38
4/19/11,8.43,8.46,8.25,8.38,4.2011046E7,3.5110963E8,8.35
4/20/11,8.35,8.38,8.29,8.35,4.0055045E7,3.3383937E8,8.49
4/21/11,8.39,8.51,8.38,8.49,5.298253E7,4.4833973E8,8.41
4/22/11,8.54,8.56,8.39,8.41,3.4201379E7,2.9022955E8,8.65
4/23/11,8.47,8.82,8.47,8.65,1.32116203E8,1.14475302E9,8.71
4/24/11,8.63,8.78,8.62,8.71,6.1778687E7,5.3704376E8,8.95
4/25/11,8.72,8.99,8.68,8.95,8.0136249E7,7.1142961E8,9.07
4/26/11,8.95,9.1,8.88,9.07,7.2004632E7,6.4720663E8,9.0
4/27/11,9.05,9.1,8.98,9.0,4.9261157E7,4.4436655E8,9.09
4/28/11,9.0,9.21,8.99,9.09,6.0486981E7,5.5126147E8,9.04
4/29/11,9.11,9.18,8.97,9.04,5.6725332E7,5.1463809E8,8.97
4/30/11,9.0,9.12,8.96,8.97,3.310016E7,2.9922505E8,9.2
5/1/11,9.0,9.26,8.79,9.2,9.7357263E7,8.7645739E8,9.04
5/2/11,9.16,9.23,9.0,9.04,5.8089289E7,5.292881E8,9.2
5/3/11,9.05,9.22,9.02,9.2,6.8645571E7,6.2878181E8,9.42
5/4/11,9.25,9.43,9.17,9.42,9.5052703E7,8.8345035E8,9.22
5/5/11,9.4,9.41,9.2,9.22,7.1883155E7,6.6827669E8,9.22
5/6/11,9.24,9.28,9.16,9.22,3.5464104E7,3.2676325E8,9.08
5/7/11,9.2,9.26,9.05,9.08,3.9647888E7,3.6271657E8,9.4
5/8/11,9.12,9.42,9.08,9.4,8.7973331E7,8.1629753E8,9.44
5/9/11,9.35,9.5,9.32,9.44,9.7135312E7,9.1498844E8,9.39
5/10/11,9.46,9.51,9.29,9.39,6.3691281E7,5.9908098E8,9.24
5/11/11,9.32,9.36,9.18,9.24,5.1391402E7,4.7594576E8,9.45
5/12/11,9.23,9.48,9.23,9.45,6.4270717E7,6.0279652E8,9.4
5/13/11,9.45,9.48,9.36,9.4,5.0273854E7,4.7335822E8,9.37
5/14/11,9.36,9.48,9.32,9.37,5.1836488E7,4.8704947E8,9.27
5/15/11,9.25,9.37,9.18,9.27,4.9204966E7,4.5641166E8,9.19
5/16/11,9.24,9.28,9.13,9.19,5.3024869E7,4.8704923E8,9.23
5/17/11,9.16,9.29,9.14,9.23,5.506476E7,5.0751135E8,9.19
5/18/11,9.25,9.28,9.14,9.19,4.7501799E7,4.3749406E8,9.26
5/19/11,9.25,9.31,9.2,9.26,4.1743292E7,3.8659585E8,9.26
5/20/11,9.41,9.41,9.25,9.26,5.7740009E7,5.3924588E8,9.28
5/21/11,9.27,9.31,9.2,9.28,4.2757386E7,3.9592392E8,9.32
5/22/11,9.28,9.36,9.2,9.32,8.144779E7,7.5573238E8,9.33
5/23/11,9.32,9.4,9.28,9.33,8.7754888E7,8.1840484E8,9.51
5/24/11,9.35,9.53,9.31,9.51,1.28341832E8,1.20779558E9,9.48
5/25/11,9.57,9.62,9.45,9.48,1.26664015E8,1.20645979E9,9.66
5/26/11,9.48,9.7,9.46,9.66,1.3612111E8,1.30853387E9,9.54
5/27/11,9.67,9.67,9.51,9.54,7.7757837E7,7.4526716E8,9.55
5/28/11,9.5,9.59,9.49,9.55,4.6237868E7,4.4139934E8,9.69
5/29/11,9.55,9.7,9.54,9.69,7.4013187E7,7.1184295E8,9.58
5/30/11,9.74,9.75,9.58,9.58,6.6098035E7,6.3845941E8,9.44
5/31/11,9.53,9.61,9.41,9.44,6.8450355E7,6.5062955E8,9.34
6/1/11,9.39,9.44,9.33,9.34,5.1077237E7,4.7961528E8,9.46
6/2/11,9.39,9.5,9.37,9.46,5.4828552E7,5.1703932E8,9.47
6/3/11,9.47,9.51,9.42,9.47,4.7510501E7,4.4931874E8,9.38
6/4/11,9.44,9.45,9.33,9.38,5.2784386E7,4.9477998E8,9.47
6/5/11,9.39,9.53,9.35,9.47,6.143015E7,5.8202887E8,9.36
6/6/11,9.53,9.61,9.32,9.36,9.9280321E7,9.4085251E8,9.19
6/7/11,9.36,9.45,9.16,9.19,7.0673894E7,6.6156127E8,9.25
6/8/11,9.25,9.34,9.2,9.25,7.2584563E7,6.7230402E8,9.28
6/9/11,9.26,9.32,9.24,9.28,5.0228036E7,4.6639576E8,9.12
6/10/11,9.25,9.26,9.12,9.12,6.2725576E7,5.7522052E8,9.08
6/11/11,9.18,9.19,9.02,9.08,5.186706E7,4.7157997E8,9.12
6/12/11,9.09,9.21,9.03,9.12,3.8651197E7,3.5225118E8,9.06
6/13/11,9.1,9.12,9.02,9.06,3.5268448E7,3.1992704E8,9.13
6/14/11,9.05,9.17,9.05,9.13,3.3692849E7,3.0694185E8,9.12
6/15/11,9.15,9.17,9.08,9.12,2.729464E7,2.4902523E8,8.97
6/16/11,9.12,9.14,8.93,8.97,4.3565307E7,3.9470142E8,8.87
6/17/11,8.94,9.0,8.85,8.87,4.8391415E7,4.3206889E8,8.93
6/18/11,8.92,8.97,8.88,8.93,5.0587012E7,4.5133593E8,8.93
6/19/11,8.9,8.95,8.81,8.93,7.6352001E7,6.773745E8,8.94
6/20/11,8.93,8.96,8.84,8.94,5.6682481E7,5.0445893E8,8.84
6/21/11,8.89,8.94,8.83,8.84,3.4889828E7,3.0972048E8,8.92
6/22/11,8.86,8.93,8.78,8.92,4.5147E7,3.9908817E8,8.89
6/23/11,8.87,8.95,8.85,8.89,3.9397074E7,3.5048971E8,9.12
6/24/11,8.89,9.14,8.87,9.12,6.4571634E7,5.8197921E8,9.14
6/25/11,9.11,9.15,9.02,9.14,6.1175666E7,5.5624301E8,9.06
6/26/11,9.08,9.12,9.04,9.06,3.8614798E7,3.5046299E8,8.93
6/27/11,9.06,9.09,8.93,8.93,4.9466011E7,4.443916E8,9.12
6/28/11,8.93,9.14,8.92,9.12,6.711799E7,6.0709163E8,9.12
6/29/11,9.1,9.16,9.06,9.12,4.8488E7,4.4171258E8,9.31
6/30/11,9.1,9.32,9.09,9.31,7.7240835E7,7.1408557E8,9.24
7/1/11,9.27,9.33,9.21,9.24,4.1839068E7,3.8776389E8,9.38
7/2/11,9.23,9.55,9.22,9.38,1.13165453E8,1.06562997E9,9.35
7/3/11,9.34,9.44,9.33,9.35,6.6489024E7,6.2323537E8,9.37
7/4/11,9.42,9.46,9.3,9.37,5.3826936E7,5.0391723E8,9.41
7/5/11,9.39,9.45,9.35,9.41,4.7114993E7,4.4315218E8,9.56
7/6/11,9.48,9.59,9.41,9.56,1.07696972E8,1.02349192E9,9.46
7/7/11,9.51,9.55,9.42,9.46,6.0560075E7,5.7434133E8,9.49
7/8/11,9.47,9.5,9.39,9.49,7.1659892E7,6.7723123E8,9.42
7/9/11,9.43,9.48,9.34,9.42,8.2225733E7,7.7347705E8,9.36
7/10/11,9.41,9.42,9.28,9.36,8.6721348E7,8.1023395E8,9.2
7/11/11,9.3,9.31,9.18,9.2,6.5066893E7,6.0093002E8,9.16
7/12/11,9.21,9.24,9.11,9.16,6.7576254E7,6.1939796E8,9.16
7/13/11,9.16,9.23,9.12,9.16,3.5532729E7,3.2585689E8,9.08
7/14/11,9.21,9.23,9.06,9.08,7.0896633E7,6.4841448E8,9.04
7/15/11,9.0,9.05,8.98,9.04,6.0429994E7,5.4460456E8,8.91
7/16/11,9.03,9.03,8.89,8.91,7.5535741E7,6.7614754E8,8.97
7/17/11,8.93,9.02,8.9,8.97,4.3092663E7,3.8602571E8,8.86
7/18/11,8.92,8.92,8.82,8.86,6.1950167E7,5.4922559E8,8.87
7/19/11,8.86,8.91,8.83,8.87,4.6679612E7,4.1363587E8,8.96
7/20/11,8.9,8.97,8.88,8.96,6.7549651E7,6.0283965E8,8.89
7/21/11,8.95,8.96,8.85,8.89,6.1979794E7,5.5209747E8,8.85
7/22/11,8.88,8.94,8.81,8.85,4.9757216E7,4.4170416E8,8.79
7/23/11,8.85,8.86,8.77,8.79,4.5887776E7,4.0419769E8,8.87
7/24/11,8.8,8.88,8.77,8.87,5.2347656E7,4.6194929E8,8.95
7/25/11,8.86,8.98,8.82,8.95,9.3478648E7,8.3108529E8,8.82
7/26/11,8.92,8.93,8.79,8.82,8.8036486E7,7.7924402E8,8.77
7/27/11,8.79,8.8,8.75,8.77,6.7011196E7,5.8783313E8,8.78
7/28/11,8.78,8.84,8.75,8.78,4.2401677E7,3.7267396E8,8.59
7/29/11,8.71,8.71,8.58,8.59,6.9367973E7,5.9945352E8,8.56
7/30/11,8.62,8.64,8.55,8.56,6.9666907E7,5.9811056E8,8.62
7/31/11,8.59,8.68,8.55,8.62,4.9918846E7,4.2906587E8,8.56
8/1/11,8.68,8.7,8.53,8.56,4.8026408E7,4.1332468E8,8.34
8/2/11,8.51,8.53,8.31,8.34,1.4038973E8,1.17653044E9,8.34
8/3/11,8.36,8.38,8.31,8.34,7.1644862E7,5.9765252E8,8.29
8/4/11,8.31,8.35,8.19,8.29,8.2431224E7,6.8081484E8,8.27
8/5/11,8.3,8.34,8.25,8.27,8.0017463E7,6.6416668E8,8.47
8/6/11,8.31,8.53,8.29,8.47,1.34216053E8,1.12958024E9,8.46
8/7/11,8.47,8.48,8.42,8.46,5.021296E7,4.2434682E8,8.49
8/8/11,8.47,8.54,8.43,8.49,4.7008304E7,3.9879195E8,8.5
8/9/11,8.54,8.61,8.48,8.5,5.0000107E7,4.2703991E8,8.44
8/10/11,8.51,8.51,8.4,8.44,3.9423884E7,3.3293208E8,8.35
8/11/11,8.42,8.48,8.34,8.35,5.2706596E7,4.4352659E8,8.06
8/12/11,8.07,8.12,8.03,8.06,3.9982538E7,3.2308966E8,8.05
8/13/11,8.06,8.09,8.03,8.05,2.6966055E7,2.1742202E8,8.01
8/14/11,8.05,8.07,8.01,8.01,2.8876449E7,2.3201402E8,8.13
8/15/11,8.04,8.16,8.02,8.13,5.0974236E7,4.1265379E8,8.09
8/16/11,8.15,8.15,8.05,8.09,4.3691987E7,3.5303325E8,8.09
8/17/11,8.09,8.15,8.07,8.09,4.0080965E7,3.2489595E8,8.12
8/18/11,8.1,8.18,8.08,8.12,3.9552477E7,3.2137592E8,8.07
8/19/11,8.11,8.12,8.05,8.07,3.3635896E7,2.7155507E8,7.97
8/20/11,7.92,7.97,7.88,7.97,1.15797069E8,9.1701145E8,7.67
8/21/11,7.93,7.94,7.65,7.67,1.06535413E8,8.2980409E8,7.7
8/22/11,7.67,7.76,7.66,7.7,4.5089773E7,3.4754068E8,7.71
8/23/11,7.69,7.74,7.67,7.71,3.2425638E7,2.4988971E8,7.67
8/24/11,7.71,7.72,7.58,7.67,1.00909326E8,7.7042062E8,7.73
8/25/11,7.66,7.79,7.64,7.73,4.5202381E7,3.4934644E8,7.63
8/26/11,7.75,7.75,7.62,7.63,4.6584899E7,3.5803721E8,7.69
8/27/11,7.65,7.73,7.62,7.69,3.0224255E7,2.3227237E8,7.67
8/28/11,7.69,7.69,7.6,7.67,4.7630983E7,3.6363827E8,7.69
8/29/11,7.65,7.73,7.61,7.69,7.7344589E7,5.9452773E8,7.61
8/30/11,7.67,7.68,7.6,7.61,5.5545514E7,4.2352104E8,7.45
8/31/11,7.57,7.57,7.42,7.45,6.45019E7,4.8084153E8,7.46
9/1/11,7.43,7.5,7.41,7.46,4.8389405E7,3.602931E8,7.41
9/2/11,7.43,7.5,7.39,7.41,4.7580447E7,3.5324749E8,7.4
9/3/11,7.4,7.45,7.37,7.4,3.0350495E7,2.2477899E8,7.49
9/4/11,7.42,7.56,7.4,7.49,5.8500797E7,4.3829338E8,7.56
9/5/11,7.52,7.65,7.49,7.56,6.2142486E7,4.7073226E8,7.66
9/6/11,7.57,7.69,7.56,7.66,7.011895E7,5.3594713E8,7.65
9/7/11,7.67,7.71,7.59,7.65,6.2270863E7,4.7649546E8,7.75
9/8/11,7.68,7.77,7.65,7.75,7.544419E7,5.8196647E8,7.74
9/9/11,7.74,7.75,7.68,7.74,4.404538E7,3.3933868E8,7.72
9/10/11,7.73,7.74,7.69,7.72,4.6411105E7,3.5823533E8,7.69
9/11/11,7.72,7.73,7.65,7.69,3.4912528E7,2.6826793E8,7.73
9/12/11,7.7,7.77,7.69,7.73,5.3821168E7,4.1662408E8,7.75
9/13/11,7.75,7.76,7.69,7.75,3.2490296E7,2.5134098E8,7.8
9/14/11,7.79,7.85,7.78,7.8,4.678298E7,3.6550089E8,7.75
9/15/11,7.8,7.83,7.74,7.75,4.7282079E7,3.6847842E8,7.8
9/16/11,7.76,7.8,7.73,7.8,3.9743689E7,3.0868331E8,7.58
9/17/11,7.8,7.8,7.55,7.58,8.9555247E7,6.8306898E8,7.53
9/18/11,7.59,7.59,7.5,7.53,4.0630297E7,3.0625697E8,7.55
9/19/11,7.52,7.58,7.51,7.55,3.3322665E7,2.5155525E8,7.52
9/20/11,7.52,7.56,7.46,7.52,2.7038216E7,2.0287723E8,7.51
9/21/11,7.51,7.56,7.49,7.51,3.626894E7,2.7273252E8,7.52
9/22/11,7.52,7.53,7.47,7.52,3.5326454E7,2.6464047E8,7.52
9/23/11,7.51,7.55,7.47,7.52,3.6366406E7,2.7344402E8,7.49
9/24/11,7.52,7.53,7.45,7.49,3.6963616E7,2.7705669E8,7.4
9/25/11,7.45,7.49,7.39,7.4,4.033451E7,3.0006973E8,7.6
9/26/11,7.43,7.62,7.4,7.6,5.4763743E7,4.1199162E8,7.55
9/27/11,7.56,7.57,7.52,7.55,3.8419444E7,2.898959E8,7.61
9/28/11,7.5,7.62,7.5,7.61,4.4804211E7,3.3982393E8,7.61
9/29/11,7.58,7.68,7.57,7.61,3.7255105E7,2.8474559E8,7.58
9/30/11,7.63,7.63,7.53,7.58,5.5393324E7,4.1944094E8,7.46
10/1/11,7.56,7.59,7.43,7.46,4.4361378E7,3.3253423E8,7.32
10/2/11,7.44,7.45,7.28,7.32,7.3135906E7,5.3659032E8,7.38
10/3/11,7.34,7.39,7.3,7.38,3.8370245E7,2.8199602E8,7.6
10/4/11,7.42,7.78,7.4,7.6,1.4597194E8,1.10895674E9,7.56
10/5/11,7.59,7.61,7.53,7.56,6.3799021E7,4.8261557E8,7.49
10/6/11,7.54,7.54,7.43,7.49,5.0981388E7,3.8104195E8,7.48
10/7/11,7.53,7.56,7.42,7.48,4.1199392E7,3.0808993E8,7.45
10/8/11,7.47,7.5,7.44,7.45,2.8598526E7,2.1362117E8,7.52
10/9/11,7.5,7.56,7.44,7.52,6.0553998E7,4.5488776E8,7.41
10/10/11,7.52,7.52,7.4,7.41,3.9495794E7,2.9447823E8,7.35
10/11/11,7.39,7.4,7.34,7.35,2.9556474E7,2.1778306E8,7.34
10/12/11,7.35,7.38,7.33,7.34,3.5316266E7,2.594041E8,7.23
10/13/11,7.32,7.34,7.22,7.23,4.8072062E7,3.4980807E8,7.21
10/14/11,7.22,7.26,7.18,7.21,3.7540673E7,2.7109808E8,7.17
10/15/11,7.18,7.21,7.11,7.17,4.4280628E7,3.1683086E8,7.16
10/16/11,7.16,7.18,7.13,7.16,2.3528437E7,1.683463E8,7.11
10/17/11,7.15,7.18,7.1,7.11,2.8344266E7,2.0212661E8,7.32
10/18/11,7.11,7.36,7.1,7.32,7.4565209E7,5.4084273E8,7.38
10/19/11,7.28,7.39,7.24,7.38,6.2930106E7,4.6016269E8,7.32
10/20/11,7.38,7.42,7.28,7.32,3.2324563E7,2.3770259E8,7.45
10/21/11,7.35,7.48,7.34,7.45,4.8620078E7,3.6169565E8,7.44
10/22/11,7.43,7.46,7.4,7.44,2.7147361E7,2.0176196E8,7.41
10/23/11,7.41,7.43,7.37,7.41,2.9564294E7,2.1879775E8,7.45
10/24/11,7.43,7.5,7.41,7.45,3.7953795E7,2.8306122E8,7.41
10/25/11,7.46,7.47,7.37,7.41,2.2249339E7,1.6479307E8,7.46
10/26/11,7.41,7.52,7.39,7.46,4.395252E7,3.2831392E8,7.55
10/27/11,7.48,7.58,7.44,7.55,5.265849E7,3.9571443E8,7.62
10/28/11,7.55,7.65,7.54,7.62,5.1397333E7,3.9088225E8,7.58
10/29/11,7.62,7.63,7.55,7.58,4.018555E7,3.0518539E8,7.65
10/30/11,7.54,7.68,7.53,7.65,3.6799861E7,2.8011225E8,7.57
10/31/11,7.66,7.68,7.55,7.57,3.218919E7,2.4535633E8,7.59
11/1/11,7.55,7.63,7.54,7.59,2.8328508E7,2.1511694E8,7.53
11/2/11,7.58,7.62,7.5,7.53,2.9807495E7,2.2544954E8,7.46
11/3/11,7.54,7.57,7.42,7.46,4.9611207E7,3.708996E8,7.47
11/4/11,7.44,7.49,7.42,7.47,2.8176827E7,2.1009171E8,7.48
11/5/11,7.47,7.53,7.4,7.48,3.7082866E7,2.7634487E8,7.51
11/6/11,7.49,7.53,7.43,7.51,3.6411101E7,2.7310983E8,7.64
11/7/11,7.52,7.7,7.51,7.64,5.7205114E7,4.3621968E8,7.68
11/8/11,7.65,7.7,7.61,7.68,4.7587494E7,3.6483018E8,7.73
11/9/11,7.7,7.78,7.66,7.73,5.6974001E7,4.3960234E8,7.68
11/10/11,7.74,7.74,7.59,7.68,4.2177128E7,3.230248E8,7.69
11/11/11,7.67,7.73,7.64,7.69,2.6193792E7,2.0136678E8,7.54
11/12/11,7.63,7.66,7.53,7.54,3.8667163E7,2.9390067E8,7.53
11/13/11,7.53,7.59,7.5,7.53,2.6921255E7,2.0286899E8,7.63
11/14/11,7.54,7.64,7.53,7.63,4.3645487E7,3.3152194E8,7.49
11/15/11,7.62,7.62,7.48,7.49,3.7691617E7,2.8380551E8,7.5
11/16/11,7.49,7.53,7.47,7.5,2.1823216E7,1.6364437E8,7.42
11/17/11,7.49,7.5,7.41,7.42,2.9220009E7,2.1773971E8,7.36
11/18/11,7.41,7.41,7.34,7.36,3.3266319E7,2.4514991E8,7.37
11/19/11,7.36,7.4,7.33,7.37,2.478531E7,1.8245373E8,7.35
11/20/11,7.4,7.41,7.33,7.35,2.0252986E7,1.4921509E8,7.47
11/21/11,7.35,7.48,7.34,7.47,2.8957627E7,2.1437413E8,7.44
11/22/11,7.45,7.48,7.4,7.44,2.2784842E7,1.6944291E8,7.51
11/23/11,7.46,7.56,7.43,7.51,3.5819826E7,2.6899953E8,7.47
11/24/11,7.5,7.54,7.43,7.47,2.816748E7,2.1033743E8,7.46
11/25/11,7.44,7.52,7.42,7.46,4.0827533E7,3.0472909E8,7.44
11/26/11,7.44,7.5,7.42,7.44,4.1978767E7,3.1281551E8,7.41
11/27/11,7.46,7.47,7.4,7.41,3.9279397E7,2.9191453E8,7.46
11/28/11,7.41,7.48,7.37,7.46,3.8822287E7,2.8848629E8,7.35
11/29/11,7.46,7.47,7.34,7.35,5.3769233E7,3.9682758E8,7.43
11/30/11,7.33,7.46,7.33,7.43,3.4974819E7,2.588402E8,7.88
12/1/11,7.43,7.92,7.41,7.88,2.2700202E8,1.7640215E9,7.89
12/2/11,7.87,7.97,7.83,7.89,1.15134979E8,9.1087405E8,8.26
12/3/11,7.93,8.28,7.92,8.26,2.2924919E8,1.8630568E9,8.33
12/4/11,8.35,8.42,8.26,8.33,2.152548E8,1.7963127E9,8.28
12/5/11,8.32,8.37,8.25,8.28,1.14930761E8,9.557615E8,8.4
12/6/11,8.29,8.49,8.29,8.4,1.7412697E8,1.4639529E9,8.29
12/7/11,8.35,8.45,8.28,8.29,1.24094525E8,1.03855377E9,8.9
12/8/11,8.32,8.99,8.32,8.9,3.4439445E8,3.0028675E9,9.07
12/9/11,9.0,9.11,8.94,9.07,2.5478307E8,2.2985288E9,9.14
12/10/11,9.01,9.29,8.97,9.14,2.3488021E8,2.1448337E9,9.05
12/11/11,9.11,9.16,8.98,9.05,1.7667064E8,1.6012052E9,9.06
12/12/11,8.99,9.07,8.88,9.06,1.4975087E8,1.3461322E9,8.97
12/13/11,9.06,9.11,8.88,8.97,1.30820092E8,1.17420011E9,9.09
12/14/11,8.94,9.26,8.94,9.09,1.3464272E8,1.22494351E9,9.45
12/15/11,9.07,9.56,9.04,9.45,2.3422668E8,2.2004383E9,9.46
12/16/11,9.46,9.49,9.37,9.46,9.6013021E7,9.0498819E8,9.39
12/17/11,9.46,9.64,9.32,9.39,1.27847946E8,1.21124423E9,9.59
12/18/11,9.37,9.64,9.37,9.59,1.19599842E8,1.14020052E9,9.92
12/19/11,9.64,9.96,9.63,9.92,1.9845164E8,1.9564676E9,10.02
12/20/11,10.1,10.26,9.93,10.02,2.6143681E8,2.6337966E9,10.32
12/21/11,10.05,10.34,10.01,10.32,2.4820091E8,2.5341619E9,10.12
12/22/11,10.34,10.35,10.06,10.12,1.5485118E8,1.5732401E9,10.14
12/23/11,10.09,10.18,9.98,10.14,1.7590618E8,1.7745604E9,10.04
12/24/11,10.11,10.21,9.99,10.04,1.21226794E8,1.22488895E9,9.82
12/25/11,10.07,10.12,9.77,9.82,1.7154746E8,1.709899E9,10.35
12/26/11,9.75,10.36,9.75,10.35,2.2863487E8,2.3266099E9,10.33
12/27/11,10.35,10.41,10.22,10.33,1.34039003E8,1.3835362E9,10.12
12/28/11,10.28,10.32,9.98,10.12,1.5669187E8,1.5881213E9,10.03
12/29/11,10.05,10.17,9.88,10.03,1.16672023E8,1.16332725E9,10.16
12/30/11,10.08,10.25,9.97,10.16,1.29872645E8,1.31567703E9,10.4
12/31/11,10.2,10.44,10.05,10.4,1.7815488E8,1.8265846E9,10.48
1/1/12,10.38,10.76,10.25,10.48,2.4222206E8,2.5463981E9,10.6
1/2/12,10.44,10.62,10.37,10.6,1.5596849E8,1.6375827E9,10.61
1/3/12,10.6,11.04,10.53,10.61,3.2021049E8,3.4460638E9,10.66
1/4/12,10.6,10.68,10.53,10.66,8.9716806E7,9.514231E8,11.18
1/5/12,10.66,11.21,10.65,11.18,2.6308919E8,2.9039893E9,11.3
1/6/12,11.21,11.47,11.11,11.3,1.9106734E8,2.1556842E9,11.24
1/7/12,11.29,11.36,11.09,11.24,1.7217145E8,1.9334049E9,11.48
1/8/12,11.24,11.5,11.12,11.48,1.8114719E8,2.0513513E9,11.95
1/9/12,11.41,11.97,11.31,11.95,2.2315719E8,2.5955722E9,12.07
1/10/12,11.98,12.27,11.83,12.07,2.715405E8,3.2692931E9,11.87
1/11/12,11.91,12.0,11.65,11.87,1.7694468E8,2.0982786E9,12.0
1/12/12,11.85,12.05,11.72,12.0,1.33748186E8,1.5953359E9,11.43
1/13/12,12.0,12.02,11.17,11.43,3.151936E8,3.634915E9,11.34
1/14/12,11.4,11.45,11.06,11.34,1.959049E8,2.214211E9,11.26
1/15/12,11.42,11.5,11.19,11.26,1.19051849E8,1.3489608E9,11.1
1/16/12,11.23,11.31,11.07,11.1,1.14565262E8,1.2795907E9,10.81
1/17/12,11.1,11.12,10.58,10.81,2.6452304E8,2.8499782E9,10.22
1/18/12,10.65,10.68,10.0,10.22,2.9079131E8,2.9965277E9,10.14
1/19/12,10.19,10.34,10.08,10.14,1.4322643E8,1.4634294E9,10.32
1/20/12,10.21,10.4,10.2,10.32,1.16274545E8,1.19814558E9,10.33
1/21/12,10.2,10.76,10.15,10.33,2.3859267E8,2.5151482E9,10.39
1/22/12,10.36,10.7,10.31,10.39,1.5881573E8,1.6620773E9,11.06
1/23/12,10.55,11.07,10.39,11.06,2.2465846E8,2.416913E9,11.17
1/24/12,11.07,11.31,10.8,11.17,2.232089E8,2.4754605E9,10.39
1/25/12,10.86,10.9,10.27,10.39,2.6100202E8,2.7587812E9,11.07
1/26/12,10.36,11.22,10.36,11.07,2.3360773E8,2.525017E9,11.11
1/27/12,11.16,11.31,10.96,11.11,2.0563162E8,2.2890247E9,10.76
1/28/12,11.02,11.1,10.51,10.76,1.9155515E8,2.0727173E9,10.71
1/29/12,10.81,10.88,10.6,10.71,1.03046487E8,1.10672678E9,10.47
1/30/12,10.67,10.67,10.41,10.47,9.4081221E7,9.9080339E8,10.29
1/31/12,10.46,10.65,10.18,10.29,1.32298619E8,1.3710215E9,10.25
2/1/12,10.29,10.42,10.11,10.25,1.05764431E8,1.08387659E9,10.45
2/2/12,10.4,10.56,10.27,10.45,1.6341936E8,1.7076458E9,10.51
2/3/12,10.47,10.93,10.38,10.51,2.1429927E8,2.2834424E9,10.48
2/4/12,10.44,10.64,10.39,10.48,1.4260446E8,1.499673E9,10.65
2/5/12,10.47,10.66,10.43,10.65,1.14470221E8,1.20722248E9,11.19
2/6/12,10.68,11.2,10.65,11.19,2.5369829E8,2.7936784E9,11.1
2/7/12,11.2,11.28,10.94,11.1,1.9326791E8,2.1438485E9,11.06
2/8/12,11.01,11.11,10.95,11.06,1.22824527E8,1.3561658E9,11.04
2/9/12,11.13,11.24,11.0,11.04,8.9020579E7,9.8694588E8,10.7
2/10/12,10.98,10.99,10.65,10.7,1.26327261E8,1.3582619E9,10.76
2/11/12,10.71,10.95,10.63,10.76,1.13814685E8,1.22559265E9,10.02
2/12/12,10.2,10.25,9.68,10.02,2.9806947E8,2.9921354E9,10.13
2/13/12,10.03,10.21,9.91,10.13,1.31028762E8,1.31573161E9,10.05
2/14/12,10.06,10.2,10.03,10.05,7.6052116E7,7.672923E8,10.03
2/15/12,10.07,10.17,9.94,10.03,8.3681538E7,8.4089052E8,10.06
2/16/12,10.05,10.15,9.95,10.06,8.8765772E7,8.9263772E8,9.92
2/17/12,9.87,9.99,9.7,9.92,8.9499064E7,8.8326813E8,10.04
2/18/12,9.96,10.12,9.96,10.04,6.5806596E7,6.6072602E8,10.0
2/19/12,10.03,10.04,9.92,10.0,5.4586848E7,5.446305E8,10.02
2/20/12,10.08,10.12,10.0,10.02,4.330375E7,4.3501368E8,9.94
2/21/12,10.03,10.06,9.9,9.94,4.1832297E7,4.1737528E8,9.83
2/22/12,9.94,9.99,9.79,9.83,7.5763623E7,7.4779512E8,9.74
2/23/12,9.75,9.83,9.6,9.74,1.2627472E8,1.22444188E9,9.59
2/24/12,9.74,9.74,9.52,9.59,8.6278542E7,8.290383E8,9.63
2/25/12,9.46,9.66,9.42,9.63,1.03421937E8,9.8519953E8,10.14
2/26/12,9.65,10.19,9.62,10.14,1.7867503E8,1.7788312E9,10.22
2/27/12,10.11,10.22,10.1,10.22,1.23343744E8,1.25489172E9,9.84
2/28/12,10.28,10.29,9.8,9.84,1.08826815E8,1.08371129E9,10.03
2/29/12,9.86,10.15,9.77,10.03,1.05005043E8,1.04591759E9,9.91
3/1/12,10.0,10.07,9.82,9.91,7.4320334E7,7.3754003E8,9.88
3/2/12,9.96,10.01,9.85,9.88,5.2806428E7,5.2491989E8,9.82
3/3/12,9.77,9.86,9.66,9.82,8.0667825E7,7.8692839E8,10.01
3/4/12,9.87,10.17,9.83,10.01,1.0937348E8,1.09752895E9,10.13
3/5/12,10.03,10.21,9.97,10.13,8.7865272E7,8.8829382E8,10.06
3/6/12,10.09,10.1,9.98,10.06,6.0095952E7,6.0314364E8,10.05
3/7/12,10.12,10.2,10.01,10.05,7.2153519E7,7.2861518E8,9.97
3/8/12,10.06,10.08,9.89,9.97,6.4667334E7,6.4494907E8,10.03
3/9/12,9.93,10.06,9.89,10.03,6.3127003E7,6.309683E8,10.02
3/10/12,10.02,10.11,9.93,10.02,6.6994306E7,6.7031977E8,9.97
3/11/12,10.03,10.05,9.93,9.97,6.7348057E7,6.7154808E8,9.99
3/12/12,9.98,10.02,9.93,9.99,4.7275904E7,4.7174748E8,10.15
3/13/12,9.99,10.16,9.84,10.15,1.11647303E8,1.12019384E9,10.24
3/14/12,10.15,10.28,10.05,10.24,1.22955149E8,1.25071316E9,10.41
3/15/12,10.26,10.54,10.2,10.41,1.5685117E8,1.6322853E9,10.34
3/16/12,10.38,10.42,10.24,10.34,9.1775245E7,9.4635697E8,10.36
3/17/12,10.33,10.38,10.28,10.36,7.1207689E7,7.3481919E8,10.15
3/18/12,10.29,10.33,10.15,10.15,8.2484743E7,8.4548565E8,10.2
3/19/12,10.2,10.28,10.1,10.2,6.3230983E7,6.449448E8,10.29
3/20/12,10.21,10.33,10.18,10.29,6.9546991E7,7.1450454E8,10.55
3/21/12,10.3,10.56,10.25,10.55,1.11377099E8,1.16046876E9,10.52
3/22/12,10.58,10.62,10.51,10.52,9.1459014E7,9.6613205E8,10.54
3/23/12,10.48,10.62,10.47,10.54,8.9454796E7,9.42531E8,10.47
3/24/12,10.56,10.62,10.46,10.47,1.018756E8,1.07495286E9,9.84
3/25/12,9.97,10.01,9.81,9.84,8.318609E7,8.2362131E8,9.74
3/26/12,9.89,9.89,9.7,9.74,6.0164557E7,5.871361E8,9.65
3/27/12,9.74,9.77,9.6,9.65,5.6405768E7,5.4529605E8,9.45
3/28/12,9.61,9.67,9.42,9.45,7.2417597E7,6.8881317E8,9.35
3/29/12,9.51,9.57,9.32,9.35,7.2344081E7,6.8201157E8,9.02
3/30/12,9.25,9.25,8.91,9.02,1.27820275E8,1.15218513E9,9.02
3/31/12,9.07,9.07,8.98,9.02,7.7530686E7,6.9950071E8,9.01
4/1/12,9.05,9.1,8.96,9.01,5.2039165E7,4.6914444E8,9.07
4/2/12,9.05,9.12,9.01,9.07,4.0358845E7,3.6584413E8,8.89
4/3/12,9.05,9.05,8.82,8.89,5.3104791E7,4.7317967E8,8.42
4/4/12,8.86,8.86,8.4,8.42,1.3757151E8,1.17895273E9,8.28
4/5/12,8.31,8.47,8.22,8.28,1.4744261E8,1.22928708E9,7.52
