DATE_0,VWAP_0,VOLUME_0,MACD_LINE_0,MACD_SIGNAL_0,KDJ_K_0,KDJ_D_0,RSI_0,WR_0,BOLL_BANDWIDTH_0,BOLL_PERCENT_0,OUTPUTVWAP_0
1/3/11,9.510001849661945,8.8189088E7,-0.029609642758142485,0.04402938610486326,0.08519203675240863,0.23130072045443992,0.46471014624160173,20.0,0.05546276036808016,-0.27190067961817665,9.445193696355968
1/4/11,9.445193696355968,4.512501E7,-0.05898265088555199,0.02342697870678021,0.05679469116827243,0.17313204402571744,0.4640120512286526,20.0,0.07037868918076821,-0.06578223712358856,9.385583313767444
1/5/11,9.385583313767444,4.821316E7,-0.08371668687271772,0.001998245590880625,0.03786312744551496,0.12804240516564996,0.4617823116013677,20.0,0.08232646615779998,0.026853724233952596,9.228735749132806
1/6/11,9.228735749132806,6.5663811E7,-0.11570242233989525,-0.02154188799527455,0.025242084963676643,0.0937756317649922,0.44869158634547157,20.0,0.09326621438482499,-0.04960845030598937,9.371508871922433
1/7/11,9.371508871922433,9.548776E7,-0.12508495101258532,-0.04225050059873671,0.11206615188054633,0.09987247180351025,0.46586912385178536,15.384615384615389,0.10992039893578295,0.22968977345104058,9.356987002197371
1/8/11,9.356987002197371,4.4930056E7,-0.1373922318699634,-0.06127884685298206,0.12847420878057916,0.1094063841291999,0.4590580653215065,16.825396825396833,0.11677236047702585,0.20473466425598658,9.206241761752716
1/9/11,9.206241761752716,4.1364988E7,-0.15025528972836533,-0.07907413542805872,0.11179326337005877,0.11020201054281953,0.45372753634777563,18.709677419354865,0.1219116774075076,0.19681160188634708,9.239165860028013
1/10/11,9.239165860028013,3.1523822E7,-0.15862087306781625,-0.09498348295601022,0.10230662002448311,0.10757021370337407,0.4537275363477756,18.431372549019642,0.12777813747102398,0.23735620614105135,9.335944313013457
1/11/11,9.335944313013457,3.0410552E7,-0.16177201815635733,-0.10834118999607965,0.16344250858774906,0.12619431199816575,0.4561440639015089,17.500000000000046,0.1337945113970428,0.28653091510659573,9.05720071105574
1/12/11,9.05720071105574,7.1952165E7,-0.1823403282040008,-0.12314101763766389,0.10896167239183271,0.12045009879605474,0.43063109139502237,20.0,0.13786758929975185,0.1389420075082895,8.840501526199548
1/13/11,8.840501526199548,9.8624718E7,-0.2203087725068098,-0.1425745686114931,0.07264111492788848,0.10451377083999933,0.40174095385948916,20.0,0.1428951210004854,-0.019082408083726504,8.732613685463074
1/14/11,8.732613685463074,1.10925176E8,-0.23637739670409097,-0.16133513423001267,0.1180791512454574,0.10903556430848535,0.42115761517713246,15.820895522388096,0.15879638264426876,0.1600552472054943,8.993751799145064
1/15/11,8.993751799145064,6.7295852E7,-0.24308213193894979,-0.1776845337718001,0.1682716729696083,0.128780933862193,0.42685200556041986,14.626865671641799,0.1678692208721586,0.23077257075140353,9.005165525934265
1/16/11,9.005165525934265,7.4782511E7,-0.23040826772764156,-0.1882292805629684,0.3212206633356707,0.19292751035335223,0.4541791269418694,8.955223880597037,0.16880940050744495,0.3665803728605553,9.067317871009001
1/17/11,9.067317871009001,5.116264E7,-0.22343691237430718,-0.19527080692523618,0.3959652907086286,0.2606067704717777,0.44578908367147074,9.830508474576305,0.15891303625291026,0.3284694870167981,9.218814500186344
1/18/11,9.218814500186344,8.9493443E7,-0.1883062275547509,-0.19387789105113915,0.5973101938057525,0.372841244916436,0.4943953425644326,0.0,0.14621017126847888,0.5579152382640884,9.399761446716784
1/19/11,9.399761446716784,9.2194078E7,-0.1602316884219963,-0.1871486505253106,0.7211234625371685,0.4889353174566802,0.49167757803926254,0.6249999999999879,0.13087041063690968,0.5436337282513081,9.32670955281297
1/20/11,9.32670955281297,4.4535594E7,-0.14199401031602576,-0.17811772248345364,0.7672073083581123,0.5816926477571576,0.48174670397854136,2.812500000000001,0.11960092804175047,0.48623703171507193,9.193769334448628
1/21/11,9.193769334448628,4.0832235E7,-0.13885059857697613,-0.17026429770215815,0.7145965389054081,0.6259939448065744,0.45904056447740427,7.812500000000015,0.10638111534125848,0.3393167493411194,9.005234962077418
1/22/11,9.005234962077418,5.5545006E7,-0.1427826765754201,-0.16476797347681055,0.5763976926036056,0.6094618607389182,0.44499551027005985,10.937500000000009,0.0962006108388109,0.23717564224700963,9.021425055334634
1/23/11,9.021425055334634,4.276255E7,-0.14742709464741743,-0.16129979771093195,0.43498976608356354,0.5513044958538,0.4392358960591348,15.599999999999952,0.08570716266462092,0.18657902880231023,9.09985871237851
1/24/11,9.09985871237851,4.8210876E7,-0.13343138693006473,-0.15572611555475852,0.46093334832921323,0.5211807800122711,0.47559692956955074,8.260869565217387,0.08441907862609212,0.4443595895153007,9.202879318449751
1/25/11,9.202879318449751,5.3322202E7,-0.12732726963663943,-0.1500463463711347,0.4098530014502444,0.4840715204915955,0.46273772413719666,13.846153846153868,0.08072004755225598,0.34994071022289897,9.37873028897822
1/26/11,9.37873028897822,1.2103888E8,-0.09078042822855181,-0.13819316274261811,0.6065686676334963,0.5249039028722291,0.5277248091888251,0.0,0.07714182600765261,0.8408199311539304,9.426895332989591
1/27/11,9.426895332989591,6.1998169E7,-0.06270776982360005,-0.12309608415881451,0.7243791117556645,0.5913956391667076,0.5241495662042917,0.799999999999983,0.08311918928657855,0.7620154967053959,9.211580610932973
1/28/11,9.211580610932973,7.5330948E7,-0.062335085662187595,-0.11094388445948913,0.6162527411704426,0.5996813398346192,0.4757978608863756,12.000000000000028,0.0850202216389657,0.4098515001192999,9.27909750597019
1/29/11,9.27909750597019,4.9166774E7,-0.06053500450253502,-0.10086210846809832,0.5508351607802945,0.5833992801498443,0.47764173060270115,11.600000000000037,0.08356613495065507,0.42867673255232375,9.260732958930204
1/30/11,9.260732958930204,3.4349428E7,-0.050457618927280734,-0.09078121055993481,0.5738901071868622,0.5802295558288503,0.4966130113896802,7.600000000000051,0.08291990764506416,0.5529642294231911,9.367734273079394
1/31/11,9.367734273079394,5.8506018E7,-0.035605449386244103,-0.07974605832519667,0.6425934047912407,0.6010175054829805,0.5118104319802793,4.400000000000048,0.08324927761442423,0.6415553500168272,9.277480312856948
2/1/11,9.277480312856948,3.2039819E7,-0.029945140493564892,-0.06978587475887031,0.5950622698608264,0.5990324269422624,0.4957737452913837,7.600000000000051,0.08497273426663414,0.533486269930473,9.16295190421978
2/2/11,9.16295190421978,3.0840689E7,-0.036337261554928446,-0.06309615211808195,0.4405678290300252,0.54621089430485,0.4682633428274173,17.368421052631547,0.08511495252666716,0.36944615609178133,9.129059527680168
2/3/11,9.129059527680168,4.2139539E7,-0.0441221169556556,-0.05930134508559668,0.29371188602001685,0.4620445582099057,0.46044196089713146,19.47368421052633,0.07356620102225124,0.30989038968435206,9.22235270590276
2/4/11,9.22235270590276,4.0598521E7,-0.03535957213336971,-0.05451299049515129,0.36723649544191506,0.43044187062057554,0.5006552467210601,10.270270270270311,0.06707154419578544,0.5741066724538493,9.270094127294453
2/5/11,9.270094127294453,2.841365E7,-0.030484534769659177,-0.04970729935005287,0.437132022602303,0.4326719212811514,0.4940795728615143,11.428571428571443,0.06109415862775073,0.5255436161031599,9.310840859494494
2/6/11,9.310840859494494,3.8055811E7,-0.023126775755132556,-0.04439119463106881,0.5350110919912808,0.4667849781845279,0.5033973535169558,5.384615384615274,0.060047180280865774,0.5886521844804604,9.155457098700893
2/7/11,9.155457098700893,2.7627217E7,-0.02906440871235283,-0.04132583744732561,0.4079561126095731,0.44717535632620964,0.46871313727514863,16.92307692307685,0.05723193044535495,0.32763961329029734,9.05214764858837
2/8/11,9.05214764858837,5.0592099E7,-0.03737378600120422,-0.040535427158101336,0.2719707417397154,0.38877381813071155,0.45745639737648525,20.0,0.0563332145074703,0.2543108799663312,9.031121221874871
2/9/11,9.031121221874871,5.6765027E7,-0.055423881757413085,-0.04351311807796369,0.18131382782647695,0.3196204880293001,0.42467365343842983,20.0,0.05633812344280413,0.015286719976878162,9.004678376422916
2/10/11,9.004678376422916,4.222405E7,-0.06654092109054055,-0.04811867868047906,0.14944731378908085,0.2628960966158937,0.4333749621307784,18.285714285714228,0.06134654377123768,0.14452554524214367,8.819042935406852
2/11/11,8.819042935406852,4.1510239E7,-0.08805380465819646,-0.05610570387602254,0.09963154252605391,0.2084745785859471,0.3969271080589147,20.0,0.06465949612082031,-0.0664352261395178,8.834646759523679
2/12/11,8.834646759523679,3.4551618E7,-0.09991656181624009,-0.06486787546406605,0.10043463379287874,0.1724612636549243,0.41249759176484363,17.959183673469433,0.07281533246639779,0.11169727334340554,9.026897992888895
2/13/11,9.026897992888895,7.0353056E7,-0.08972451615013455,-0.06983920360127975,0.25743261300477577,0.20078504677154146,0.4788173997753478,8.571428571428603,0.07682027538183,0.46407941841520284,8.9150382395237
2/14/11,8.9150382395237,5.3791988E7,-0.10225525511657274,-0.07632241390433836,0.17842446309161908,0.19333151887823402,0.4192863567589384,19.591836734693885,0.07748388963774935,0.12073134302796637,8.69119025422252
2/15/11,8.69119025422252,5.4164832E7,-0.11808697077271191,-0.08467532527801307,0.1189496420610794,0.16853755993918249,0.40146018774540293,20.0,0.08462458548886947,0.07833873811434731,8.5314981165376
2/16/11,8.5314981165376,8.174838E7,-0.1522789192694276,-0.09819604407629598,0.07929976137405294,0.1387916270841393,0.3500761193831601,20.0,0.08797927652559058,-0.20090214394751862,8.52139479846413
2/17/11,8.52139479846413,4.0252611E7,-0.17095034422532152,-0.11274690410610111,0.093892148608343,0.12382513425887388,0.37376678771161514,17.575757575757574,0.10364728803578263,0.03702523367809729,8.489295464690018
2/18/11,8.489295464690018,4.2407399E7,-0.19081028862979288,-0.12835958101083947,0.06259476573889534,0.10341501141888104,0.35803576441079205,20.0,0.11639958092483184,0.04633334511730842,8.441754607014289
2/19/11,8.441754607014289,4.3757787E7,-0.2026001563127302,-0.14320769607121764,0.05183085392694012,0.08622029225490074,0.36440500195779707,19.39393939393941,0.12989770285541144,0.1461402987868884,8.527770203162833
2/20/11,8.527770203162833,6.0468787E7,-0.20234891126303545,-0.15503593910958122,0.09010945817351534,0.08751668089443895,0.3934211407544726,16.666666666666686,0.1371770534160168,0.2630422888496819,8.46064814600668
2/21/11,8.46064814600668,3.2428434E7,-0.2094187459248058,-0.16591250047262615,0.0600729721156769,0.07836877796818495,0.3693342526100465,20.0,0.1364810557255036,0.1930460622221282,8.642778570677688
2/22/11,8.642778570677688,5.9130344E7,-0.2006054397945718,-0.1728510883370153,0.1650486480771181,0.107262068004496,0.4171278320050712,15.522388059701482,0.13921560135481,0.33828008899042245,8.802743432547734
2/23/11,8.802743432547734,8.9412222E7,-0.16907814365499085,-0.1720964994006104,0.44336576538474537,0.21929663379791245,0.4938436619898152,0.0,0.13889570061541961,0.5613234643489974,8.849397738090369
2/24/11,8.849397738090369,5.1298778E7,-0.14085501256380972,-0.16584820203325026,0.6289105102564969,0.3558345926174406,0.49889119181632297,0.0,0.13589698593286142,0.5718074046902228,8.799085220746749
2/25/11,8.799085220746749,4.0504198E7,-0.12032857068252767,-0.15674427576310576,0.7229773772080356,0.47821552081430563,0.4884533543491174,1.7777777777777426,0.1271452201308655,0.5370190109529022,8.929591414064816
2/26/11,8.929591414064816,4.6009758E7,-0.0956958476053682,-0.14453459013155825,0.8153182514720237,0.5905830977002117,0.5130154607638382,0.0,0.11794314298945613,0.614500205188058,8.808821592250329
2/27/11,8.808821592250329,4.1115344E7,-0.08647424579157814,-0.13292252126356224,0.7835455009813488,0.654903898793924,0.4750030417650328,5.600000000000023,0.1062738016308388,0.47954157412321163,8.830065244429171
2/28/11,8.830065244429171,3.6188377E7,-0.07347755780878984,-0.12103352857260777,0.8023636673208991,0.7040571549695824,0.49227763333275415,3.200000000000003,0.09847362524423585,0.5426556225271467,8.748297396752427
3/1/11,8.748297396752427,5.0658455E7,-0.07123254519767208,-0.11107333189762064,0.7415757782139332,0.7165633627176994,0.46239177333695486,7.59999999999998,0.09210764388456338,0.4184523370247674,8.885578016978073
3/2/11,8.885578016978073,5.9306969E7,-0.05589833252289189,-0.1000383320226749,0.7991457569045275,0.7440908274466421,0.5088595485261895,1.1999999999999744,0.08924621571820301,0.6081495509697348,9.103197292076723
3/3/11,9.103197292076723,9.4932084E7,-0.021708868660624603,-0.08437243935026485,0.866097171269685,0.7847596087209898,0.5752395226574909,0.0,0.08666607948876208,0.9192772456770043,9.171735610210044
3/4/11,9.171735610210044,6.6314936E7,0.005325142840133523,-0.06643292291218518,0.9107314475131234,0.8267502216517011,0.5752395226574909,0.0,0.09636912605489707,0.8399746001892865,9.222160400448494
3/5/11,9.222160400448494,6.8454846E7,0.028040392388133384,-0.04753825985212147,0.9404876316754156,0.864662691659606,0.5800657233413548,0.0,0.10408950192390712,0.8033700374502151,9.265170290757256
3/6/11,9.265170290757256,4.5585827E7,0.051899458075162386,-0.027650716266664703,0.9603250877836105,0.8965501570342742,0.5995649152357418,0.0,0.10695050226693939,0.8418646287477356,9.402495097315176
3/7/11,9.402495097315176,8.2502754E7,0.07957366101428676,-0.0062058408104744105,0.9735500585224071,0.9222167908636518,0.6273725836462322,0.0,0.11709560848180516,0.8844682831254445,9.231164080339619
3/8/11,9.231164080339619,5.0778832E7,0.08678765293509016,0.012392857938638506,0.8951872185021177,0.9132069334098072,0.567549711483056,5.2307692307692255,0.13033164556091337,0.6805984411327596,9.222433150902093
3/9/11,9.222433150902093,5.7198902E7,0.08905744543218574,0.027725775437347954,0.8275607097706421,0.8846581921967522,0.5574984415004237,6.1538461538461835,0.12977511279962278,0.6405849408994553,9.19325881974714
3/10/11,9.19325881974714,5.9397848E7,0.10417984758310439,0.04301658986649924,0.8714350310035566,0.8802504717990204,0.6027277300988908,0.6153846153846566,0.12850408812095182,0.7680506658358682,9.314317444133493
3/11/11,9.314317444133493,8.4349601E7,0.10526799915338891,0.055466871723877174,0.7021688085478255,0.8208899173819555,0.5617172654814664,5.714285714285735,0.12748442916791308,0.6500373000353081,9.301584619604041
3/12/11,9.301584619604041,4.2565042E7,0.11050494982351644,0.06647448734380504,0.6953852663046108,0.7790550336895072,0.5795953523307037,6.363636363636371,0.12075715383018047,0.7006437536604377,9.211356226949182
3/13/11,9.211356226949182,3.2870037E7,0.10297828781494545,0.07377524743803313,0.4635901775364073,0.6739000816384739,0.5360834921975082,18.181818181818226,0.11670843669595386,0.5768874801803324,9.200795145952137
3/14/11,9.200795145952137,3.1693301E7,0.09830095105250436,0.07868038816092737,0.35906011835760654,0.5689534272115182,0.5445377649370015,16.999999999999904,0.10137550495346793,0.6093865577551947,9.22934088428182
3/15/11,9.22934088428182,2.7951632E7,0.09830245699586015,0.08260480192791393,0.3893734122384034,0.5090934222204799,0.5616554585829749,11.000000000000062,0.09021757350822547,0.6769689575543641,9.148634180985367
3/16/11,9.148634180985367,4.6636157E7,0.0796335233959713,0.0820105462215254,0.2595822748256023,0.42592303975552076,0.4893969796703155,20.0,0.0890479403643097,0.41717259027158626,9.104864030618213
3/17/11,9.104864030618213,2.5261827E7,0.06649252387017945,0.07890694175125622,0.20531291439986338,0.352386331303635,0.4988175348201694,18.06451612903229,0.08626474231916031,0.4571375290885708,9.205651242619949
3/18/11,9.205651242619949,4.2296963E7,0.06580948978165146,0.07628745135733528,0.3089182870192646,0.33789698320884487,0.5383615204699336,9.677419354838658,0.08164605195382318,0.6169775677167968,9.168537606762198
3/19/11,9.168537606762198,3.0013432E7,0.06213122102532154,0.07345620529093252,0.3726121913461753,0.3494687192546217,0.5280598222630597,11.61290322580648,0.0794624403820561,0.5712604495822725,8.997773980205825
3/20/11,8.997773980205825,6.4028631E7,0.03780059768602939,0.0663250837699519,0.2484081275641169,0.3157818553577868,0.4483880998147921,20.0,0.0712509116774466,0.20959111594344715,8.891377370872702
3/21/11,8.891377370872702,3.2007465E7,0.013521042674492278,0.055764275550859985,0.16560541837607795,0.26572304303055055,0.43226271870439364,20.0,0.0683749299768212,0.13809184625595197,8.80498116101796
3/22/11,8.80498116101796,3.681993E7,-0.01044181145334555,0.04252305815001888,0.11040361225071865,0.21394989943727327,0.4162248327620159,20.0,0.0614379411728123,0.03694549691782255,8.71274890839459
3/23/11,8.71274890839459,3.2355327E7,-0.03388345714947505,0.0272417550901201,0.07360240816714578,0.1671674023472308,0.40031151813194404,20.0,0.06603440354482341,0.017836748833747237,8.74145388022457
3/24/11,8.74145388022457,3.0669913E7,-0.05106556181568145,0.011580291708959791,0.05616047069299064,0.13016509179581742,0.4043779676866867,19.62264150943397,0.07772336343402016,0.14120924367170673,8.677299413873167
3/25/11,8.677299413873167,2.6370231E7,-0.06873170579273058,-0.004482107791378283,0.0374403137953271,0.09925683246232066,0.3874867480254209,20.0,0.08658537392048994,0.13775800345086306,8.6931323800111
3/26/11,8.6931323800111,2.4460075E7,-0.08099171368593971,-0.019784028970290572,0.03137046560714099,0.0766280435105941,0.3920217091617005,19.615384615384624,0.09601138507737784,0.21411401077108072,8.651687044480486
3/27/11,8.651687044480486,2.1366538E7,-0.09605591686511339,-0.035038406549255136,0.020913643738093995,0.05805657691976074,0.36862797344030085,20.0,0.10202892538151298,0.17617040368686254,8.612892521902046
3/28/11,8.612892521902046,2.3967739E7,-0.10835914252554701,-0.04970255374451352,0.013942429158729331,0.043351860999416944,0.3628284274053095,20.0,0.1058501255154404,0.19739467001979014,8.681935825082693
3/29/11,8.681935825082693,2.596061E7,-0.10639318949568022,-0.06104068089474686,0.175961619439154,0.08755511381266262,0.42574787517130813,11.87499999999996,0.11215245083658446,0.35940720550780214,8.55331688793069
3/30/11,8.55331688793069,4.4971839E7,-0.12198803325295593,-0.07323015136638868,0.11730774629276935,0.0974726579726982,0.3586189813932791,20.0,0.113872503790859,0.167369278954666,8.840283880763863
3/31/11,8.840283880763863,8.9049077E7,-0.10808669393739834,-0.08020145988059062,0.4115384975285129,0.20216127115796978,0.4775731289923083,0.0,0.11570804365277818,0.4781913592694488,8.788140979793202
4/1/11,8.788140979793202,3.8638133E7,-0.09676129482763152,-0.08351342686999881,0.5969396435136325,0.3337540619431907,0.47453133420863525,0.6451612903225659,0.11172297085016888,0.47038532080769074,8.819462748891649
4/2/11,8.819462748891649,4.0188321E7,-0.08678542606838135,-0.08416782670967532,0.7205404075037123,0.4626828437966979,0.4745313342086352,0.6451612903225659,0.10412890016855149,0.4712426141611581,8.779373006476288
4/3/11,8.779373006476288,2.6440305E7,-0.08356461235593926,-0.08404718383892812,0.7276720996261309,0.5510125957398422,0.451426565393112,5.1612903225806415,0.09984975384238606,0.40090109649084626,8.776335763346841
4/4/11,8.776335763346841,2.3350899E7,-0.07610027554583887,-0.08245780218031026,0.7861900019012904,0.629405064460325,0.4711334520074239,1.9354838709678122,0.0939742546531528,0.4593131016272852,8.752295561102775
4/5/11,8.752295561102775,2.1909676E7,-0.06938490880805936,-0.0798432235058601,0.8252019367513969,0.694670688557349,0.47113345200742396,1.9354838709678122,0.08285888809332348,0.45823457991072386,8.711451853357728
4/6/11,8.711451853357728,2.9514E7,-0.06971463676212863,-0.0778175061571138,0.7651883879417904,0.7181765883521629,0.4419710370618918,7.096774193548454,0.07937543952842975,0.35688350190806056,8.687081859654874
4/7/11,8.687081859654874,2.3035328E7,-0.07236938502514967,-0.07672788193072098,0.6821686027138817,0.7061739264727358,0.4277857197761489,9.677419354838717,0.07461578904924934,0.3068446633429844,8.658710160862933
4/8/11,8.658710160862933,4.7600711E7,-0.08000636004574879,-0.07738357755372655,0.4547790684759212,0.6223756404737977,0.4002575110077733,14.83870967741936,0.06097286974571162,0.15025092474435606,8.60443807864955
4/9/11,8.60443807864955,2.7334982E7,-0.08348255004712257,-0.07860337205240575,0.33348907595364374,0.5260801189670797,0.41041994379983543,18.260869565217433,0.044805667509796566,0.11474710717797029,8.545521884080001
4/10/11,8.545521884080001,4.1518789E7,-0.09402962141518323,-0.08168862192496125,0.22232605063576252,0.42482876285664073,0.3731590896249502,20.0,0.04179337939868229,-0.14764411736083285,8.546534820361197
4/11/11,8.546534820361197,3.7730295E7,-0.0908510634110673,-0.08352111022218246,0.29764265444682947,0.3824333933867037,0.4377895372819435,11.61290322580653,0.04430676333415232,0.2512043104448133,8.498243862321846
4/12/11,8.498243862321846,4.5264959E7,-0.08812312123222021,-0.08444151242419001,0.33635947078064443,0.367075419184684,0.43410069418804903,11.724137931034512,0.04342756027952675,0.24614492467485663,8.644013880094914
4/13/11,8.644013880094914,3.8376971E7,-0.08657703409799566,-0.08486861675895115,0.3391821759227284,0.35777767143069883,0.42640164846812934,13.103448275862073,0.043664256943331,0.22361448440105083,8.638366958750074
4/14/11,8.638366958750074,4.163765E7,-0.0891654041883001,-0.08572797424482094,0.2896135141072147,0.33505628565620416,0.40340461793373206,17.24137931034488,0.043879028617313305,0.10816695204972822,8.515248506391524
4/15/11,8.515248506391524,4.2682705E7,-0.09017719951046743,-0.08661781929795023,0.27150704862049446,0.31387320664430096,0.403404617933732,16.190476190476254,0.0460534697609503,0.1616690435222964,8.549573562279905
4/16/11,8.549573562279905,2.3263186E7,-0.08914453545221512,-0.08712316252880323,0.3092098272854561,0.31231874685801936,0.40949787565590773,14.117647058823652,0.047751883891630716,0.22626871551060496,8.489698043985284
4/17/11,8.489698043985284,3.1788769E7,-0.09290362161224941,-0.08827925434549247,0.20613988485697074,0.27692579285766983,0.38036200181514007,20.0,0.049105247815810715,0.10932656218867812,8.459250894493815
4/18/11,8.459250894493815,3.1075676E7,-0.09718320624917354,-0.0900600447262287,0.13742658990464718,0.23042605853999565,0.3683283355356041,20.0,0.05226855246263143,0.10694337189160853,8.357555058257773
4/19/11,8.357555058257773,4.2011046E7,-0.10421498103594828,-0.09289103198817261,0.09161772660309812,0.18415661456102983,0.3449431115180485,20.0,0.05533561754107423,0.04905955200356455,8.334514915661686
4/20/11,8.334514915661686,4.0055045E7,-0.1109297335778816,-0.09649877230611441,0.061078484402065425,0.14313057117470837,0.33359662806710016,20.0,0.05968402591822492,0.06764529072249746,8.46202946518409
4/21/11,8.46202946518409,5.298253E7,-0.10375833191041828,-0.09795068422697518,0.235163434045822,0.17380819213174625,0.4277190513871636,9.230769230769178,0.06224732850970483,0.3622172922720014,8.48590198658364
4/22/11,8.48590198658364,3.4201379E7,-0.1033390476192686,-0.09902835690543388,0.2620387805919526,0.20321838828514838,0.39367660979151936,14.999999999999963,0.05935651152395576,0.22640210617835613,8.664743566691817
4/23/11,8.664743566691817,1.32116203E8,-0.08268759642113643,-0.09576020480857439,0.5080258537279684,0.3048208767660884,0.5171919925454991,0.0,0.05700040246119634,0.68763157876017,8.693026447778017
4/24/11,8.693026447778017,6.1778687E7,-0.06077905093632019,-0.08876397403412356,0.6720172358186456,0.4272196631169408,0.5421736223890631,0.0,0.054910728527623694,0.7912446308040411,8.87775031746245
4/25/11,8.87775031746245,8.0136249E7,-0.023776298195381074,-0.07576643886637507,0.7813448238790971,0.545261383370993,0.6252709224835026,0.0,0.052037103215211114,1.2616166148023544,8.98840271831401
4/26/11,8.98840271831401,7.2004632E7,0.015058067036925138,-0.057601537685715035,0.8542298825860648,0.6482508831093503,0.6584785128506377,0.0,0.061528616354090945,1.2837562586470568,9.02062755042477
4/27/11,9.02062755042477,4.9261157E7,0.03972820427549273,-0.038135589293473486,0.8704125143166358,0.7223047601784455,0.6239219717044158,1.9444444444444506,0.07871109941479093,0.9595668221376529,9.113721017089611
4/28/11,9.113721017089611,6.0486981E7,0.06578340348775313,-0.017351790737228166,0.9136083428777573,0.7860726210782161,0.6492768093889426,0.0,0.08855464287805342,0.9733471567691219,9.072456199991919
4/29/11,9.072456199991919,5.6725332E7,0.0814587486997791,0.0024103171501732856,0.917895757996936,0.8300136667177894,0.6242263503152384,1.3513513513513702,0.10074321789798578,0.8238654303768055,9.039988024227073
4/30/11,9.039988024227073,3.310016E7,0.08722765165848934,0.019373784051836495,0.8864403092528598,0.8488225475628128,0.5900767548340179,3.529411764705861,0.10851226537718059,0.7048915892434199,9.002485926499393
5/1/11,9.002485926499393,9.7357263E7,0.10910097845909128,0.03731922293328745,0.9242935395019065,0.8739795448758441,0.6562751443212479,0.0,0.11117013579762779,0.8924553654914491,9.111629856581649
5/2/11,9.111629856581649,5.8089289E7,0.11223135155404762,0.052301648657439484,0.840685488919638,0.8628815262237755,0.5857690483570177,5.818181818181834,0.12229101821331058,0.6880501375777757,9.159830719450204
5/3/11,9.159830719450204,6.8645571E7,0.1261684660694229,0.06707501213983616,0.8937903259464255,0.873184459464659,0.6285282622583445,0.0,0.12581221562208778,0.7944340719849711,9.294321172539407
5/4/11,9.294321172539407,9.5052703E7,0.15319989805646017,0.08429998932316096,0.9291935506309503,0.8918541565200895,0.6775624220098875,0.0,0.132556524508912,0.9196316340197674,9.29670783092367
5/5/11,9.29670783092367,7.1883155E7,0.15667808667244287,0.09877560879301736,0.8046475522724857,0.862785288437555,0.6003719192587956,8.888888888888872,0.1449487178377393,0.7066568716639492,9.213915287412872
5/6/11,9.213915287412872,3.5464104E7,0.15761765796220217,0.11054401862685433,0.721616886700176,0.8157291545250954,0.6003719192587957,8.888888888888872,0.14736381000254184,0.6833878217529447,9.148446192140172
5/7/11,9.148446192140172,3.9647888E7,0.14538948552013764,0.117513112005511,0.5625594059482653,0.7313392383328188,0.5500198409821004,15.111111111111128,0.14861519507796517,0.5695095592404148,9.278920335527593
5/8/11,9.278920335527593,8.7973331E7,0.15967921382883077,0.12594633237017497,0.693558122484029,0.7187455330498889,0.6266937282503795,0.8888888888888713,0.14360270787911467,0.7881601862025632,9.419730283050926
5/9/11,9.419730283050926,9.7135312E7,0.17224604696152568,0.13520627528844512,0.7957054149893528,0.7443988270297102,0.6350227340986248,0.0,0.1429462036825835,0.7887022110329555,9.406012417932056
5/10/11,9.406012417932056,6.3691281E7,0.17614033449327593,0.1433930871294113,0.8221369433262362,0.7703115324618856,0.616597917620404,2.4999999999999445,0.1380034481639326,0.7336086529368463,9.2611943141773
5/11/11,9.2611943141773,5.1391402E7,0.16521830524330028,0.1477581307521891,0.6962394436989727,0.7456208362075814,0.5639990108638627,9.999999999999956,0.1261368761028274,0.6127987459566728,9.379022798205286
5/12/11,9.379022798205286,6.4270717E7,0.17153046688228457,0.1525125979782082,0.7974929624659819,0.7629115449603816,0.613459754451198,0.0,0.11349140528226637,0.7961373270346174,9.415594436026328
5/13/11,9.415594436026328,5.0273854E7,0.170532525523857,0.15611658348733798,0.8199502632656105,0.7819244510621246,0.5962060066055078,2.7027027027026507,0.09585422950857758,0.7649036890316174,9.395880947798778
5/14/11,9.395880947798778,5.1836488E7,0.16541410963877645,0.1579760887176257,0.8078947701050014,0.790581224076417,0.5856177112555979,4.324324324324337,0.08521639621967222,0.7343552516737415,9.275723511322008
5/15/11,9.275723511322008,4.9204966E7,0.15154168568734505,0.15668920811156956,0.7097676845745055,0.7636433775757798,0.5506893397196074,9.729729729729735,0.07306235903915724,0.6124112422197202,9.185298128695047
5/16/11,9.185298128695047,5.3024869E7,0.13256424030445935,0.15186421455014754,0.4731784563830037,0.6668217371781879,0.5239056486887606,14.054054054054072,0.06846517387995116,0.4935529722538866,9.216626931634678
5/17/11,9.216626931634678,5.506476E7,0.11937605101240223,0.14536658184259849,0.3667343555373883,0.5667926099645881,0.5359954516384262,16.92307692307685,0.0667864414086173,0.5529391018924434,9.210052444540048
5/18/11,9.210052444540048,4.7501799E7,0.10449213004554991,0.13719169148318877,0.2444895703582589,0.4593582634291451,0.5217985910028128,20.0,0.06268352739737981,0.488258595860592,9.26126885249012
5/19/11,9.26126885249012,4.1743292E7,0.09722419048410735,0.1291981912833725,0.2527366366490961,0.3904843878357955,0.5444238454097834,14.615384615384588,0.061030910272160545,0.6018583530971462,9.339206718862826
5/20/11,9.339206718862826,5.7740009E7,0.09042196785922663,0.12144294659854334,0.2582346808429876,0.3464011521715262,0.5444238454097834,14.615384615384588,0.057364628358324087,0.5979895068715397,9.259778415827384
5/21/11,9.259778415827384,4.2757386E7,0.08565758297808834,0.11428587387445234,0.31501359675246715,0.3359386336985065,0.5513855293187039,13.076923076923082,0.049592064901125374,0.6420725330576581,9.278734020898542
5/22/11,9.278734020898542,8.144779E7,0.08413953119966955,0.10825660533949578,0.45074980524238734,0.37420902421313346,0.5656096904528869,7.619047619047595,0.048996456497568425,0.7100316639195777,9.326031388701676
5/23/11,9.326031388701676,8.7754888E7,0.08278904013453214,0.10316309229850307,0.6338332034949249,0.46075041730706395,0.569267860550731,4.444444444444357,0.04297129919262107,0.7392377785718007,9.410770916843388
5/24/11,9.410770916843388,1.28341832E8,0.0951464726033322,0.10155976835946891,0.7558888023299499,0.5591298789813592,0.6294498438925851,0.0,0.041999522162718066,1.139525816144881,9.524881948515528
5/25/11,9.524881948515528,1.26664015E8,0.10135076900933448,0.10151796848944203,0.8060092015533007,0.6414229865053398,0.6141273440453443,1.8749999999999585,0.04507114466351089,0.9730950864871906,9.613012044935573
5/26/11,9.613012044935573,1.3612111E8,0.11941566483729105,0.10509750775901185,0.8706728010355338,0.7178395913487379,0.6663411777621727,0.0,0.0470338491235316,1.2801875033484191,9.584463621332471
5/27/11,9.584463621332471,7.7757837E7,0.1226355613995107,0.10860511848711163,0.8137818673570218,0.7498203500181659,0.6076137308124375,5.10638297872344,0.055841678732446685,0.8850164357195835,9.546273630090385
5/28/11,9.546273630090385,4.6237868E7,0.12455843692376334,0.11179578217444197,0.7841879115713486,0.7612762038692269,0.6106773593537386,5.499999999999967,0.05269956860293251,0.8866696469607442,9.61778540897043
5/29/11,9.61778540897043,7.4013187E7,0.13581358513309105,0.11659934276617179,0.8561252743808991,0.7928925607064511,0.6514928697884058,0.0,0.05531773445961184,1.0760032906635748,9.659279735017842
5/30/11,9.659279735017842,6.6098035E7,0.13430905925569014,0.12014128606407547,0.804984417154834,0.7969231795225789,0.5986578218510524,5.3658536585365555,0.06253190537492427,0.7909819310674877,9.505130397059299
5/31/11,9.505130397059299,6.8450355E7,0.12043162092717807,0.120199353036696,0.6385081299550743,0.7441181630000775,0.5390454505611365,13.513513513513542,0.06519278791735164,0.5460053173774919,9.3900004810362
6/1/11,9.3900004810362,5.1077237E7,0.10020933595837711,0.11620134962103223,0.4256720866367163,0.6379694708789572,0.5008754088790974,19.444444444444457,0.06369696710381846,0.39160352281910593,9.430110793369119
6/2/11,9.430110793369119,5.4828552E7,0.09279632823685446,0.11152034534419669,0.3980671053768596,0.5580020157115914,0.542524854278399,13.142857142857078,0.06369658329058805,0.5831156741258524,9.457251145383628
6/3/11,9.457251145383628,4.7510501E7,0.08672862898795053,0.10656200207294747,0.3891875940607644,0.5017305418279824,0.5459080415921076,12.57142857142852,0.06394655460043497,0.5898870607789221,9.37360491415018
6/4/11,9.37360491415018,5.2784386E7,0.07380688594122375,0.10001097884660273,0.29755363413574865,0.4336715725972379,0.5095694840239332,17.71428571428566,0.06425146657799485,0.4463247187822424,9.474645105050207
6/5/11,9.474645105050207,6.143015E7,0.07002139625001291,0.09401306232728478,0.3221786132333571,0.3965072528092777,0.542218468938053,12.57142857142852,0.06296197718917604,0.5877936399000039,9.476727114933482
6/6/11,9.476727114933482,9.9280321E7,0.05748266334379437,0.0867069825305867,0.2338333612031901,0.34228262227391515,0.49873948841285126,18.85714285714288,0.05948976958930694,0.406378586272594,9.360758726553259
6/7/11,9.360758726553259,7.0673894E7,0.03344254310850836,0.07605409464617104,0.15588890746879341,0.2801513840055413,0.4402801838314051,20.0,0.05698977561876713,0.1239951596098213,9.26235541295468
6/8/11,9.26235541295468,7.2584563E7,0.019012904256264562,0.06464585656818975,0.17535450974110067,0.2452190925840611,0.46403658169272,16.923076923076902,0.05707152105261653,0.26123497304128085,9.285566331918691
6/9/11,9.285566331918691,5.0228036E7,0.009884122770817072,0.05369350980871521,0.22404586363692366,0.23816134960168198,0.47595213169976275,13.571428571428608,0.05740401322693133,0.33548353343231585,9.170430256391747
6/10/11,9.170430256391747,6.2725576E7,-0.010144228794940702,0.04092596208798403,0.14936390909128247,0.20856220276488216,0.4223027406847388,20.0,0.057042524345532204,0.07825713286214231,9.092089854331439
6/11/11,9.092089854331439,5.186706E7,-0.02891123667358464,0.0269585223356703,0.09957593939418832,0.17223344830798423,0.40992589141169744,20.0,0.0627268693383118,0.09015522989134747,9.113590453615188
6/12/11,9.113590453615188,3.8651197E7,-0.04009437690131179,0.013547942488273883,0.10057199378415896,0.14834629680004247,0.4278909341742442,17.948717948717995,0.07003714538057933,0.22277275252860376,9.07119700872576
6/13/11,9.07119700872576,3.5268448E7,-0.05318550526319221,2.0125293798066435E-4,0.06704799585610598,0.12124686315206365,0.40793083419794574,20.0,0.07501481353109352,0.18723977160260877,9.10999986970529
6/14/11,9.10999986970529,3.3692849E7,-0.057251939104972394,-0.01128938547060995,0.12247644168184901,0.12165672266199212,0.44055199206240636,16.585365853658523,0.0806363409742322,0.3211396621572966,9.123594595862045
6/15/11,9.123594595862045,2.729464E7,-0.060583168592350134,-0.021148142094957988,0.17256005203032213,0.13862449911810212,0.43686780097444355,16.00000000000007,0.08323995133738382,0.33125313716296184,9.05999399935366
6/16/11,9.05999399935366,4.3565307E7,-0.07446851171103752,-0.0318122160181739,0.11504003468688143,0.13076301097436188,0.38510911326580805,20.0,0.08069672205608378,0.15971614281168345,8.928626906239463
6/17/11,8.928626906239463,4.8391415E7,-0.09247590575888509,-0.04394495396631613,0.07669335645792096,0.11273979280221491,0.3550615773755375,20.0,0.08504112564509063,0.09100958110220736,8.921972501558304
6/18/11,8.921972501558304,5.0587012E7,-0.10074408165666959,-0.05530477950438683,0.12805198122835773,0.1178438556109292,0.3858652981781376,17.073170731707293,0.09085980217636039,0.21791477520260175,8.871732123955729
6/19/11,8.871732123955729,7.6352001E7,-0.10607391654346188,-0.06545860691220184,0.16229106440864893,0.1326595918768358,0.3858652981781376,15.384615384615374,0.08615729261111604,0.2301914018009375,8.899732705772001
6/20/11,8.899732705772001,5.6682481E7,-0.10824317274772,-0.07401552007930548,0.19793763268268888,0.15441893881212015,0.39142655716047486,14.615384615384626,0.08337611943914898,0.25910572086401995,8.877099652081977
6/21/11,8.877099652081977,3.4889828E7,-0.11668639999894559,-0.08254969606323351,0.13195842178845926,0.1469320998042332,0.35680812167673415,20.0,0.0833918102952773,0.16216825191581433,8.839749485015616
6/22/11,8.839749485015616,4.5147E7,-0.11558993815874885,-0.08915774448233658,0.17992630418081174,0.1579301679297594,0.4021308944486381,14.482758620689667,0.08757251190089932,0.29942893183340125,8.896338596109954
6/23/11,8.896338596109954,3.9397074E7,-0.11580678500008901,-0.09448755258588706,0.17947467897768501,0.16511167161240128,0.3910592290975476,16.551724137930997,0.08438471887073125,0.2758032910101784,9.01292369339763
6/24/11,9.01292369339763,6.4571634E7,-0.09630936545982749,-0.09485191516067516,0.4529831193184567,0.26106882084775307,0.5033756645998022,0.0,0.07929686434157876,0.5737022323942328,9.092553401870607
6/25/11,9.092553401870607,6.1175666E7,-0.07834062518800167,-0.09154965716614047,0.6353220795456378,0.38581990708038133,0.5117656645968156,0.0,0.0738225231747908,0.5985863580284484,9.075872674511984
6/26/11,9.075872674511984,3.8614798E7,-0.06975154804981365,-0.0871900353428751,0.6679924974748699,0.47987743721187753,0.4772138976720792,5.333333333333325,0.0628645931883749,0.47785368473615963,8.983776759359067
6/27/11,8.983776759359067,4.9466011E7,-0.07259769504354097,-0.08427156728300829,0.5453283316499129,0.501694402024556,0.427018655475543,14.000000000000023,0.05531869992950777,0.24249004563597487,9.04514020756581
6/28/11,9.04514020756581,6.711799E7,-0.05884356297260496,-0.07918596642092762,0.6746633322110516,0.5593507120867212,0.5080485363113687,1.33333333333342,0.054429612426258024,0.611771778547518,9.109729830061045
6/29/11,9.109729830061045,4.8488E7,-0.04739695165808122,-0.07282816346835835,0.7608866659184774,0.6265293633639732,0.5080485363113687,1.33333333333342,0.050711750241433026,0.6084779708235513,9.244922973709437
6/30/11,9.244922973709437,7.7240835E7,-0.022731977532366443,-0.06280892628115997,0.8405911106123183,0.6978832791134216,0.5767584578959133,0.0,0.04489309398401979,1.0317067966511895,9.267985845191388
7/1/11,9.267985845191388,4.1839068E7,-0.008732559313843424,-0.05199365288769666,0.838171851519323,0.7446461365820555,0.5466220158379791,3.3333333333333472,0.052006874055714726,0.7809057759643689,9.416566114041888
7/2/11,9.416566114041888,1.13165453E8,0.013503253356665468,-0.03889427163882424,0.8921145676795488,0.7938022802812199,0.5922739974877171,0.0,0.05546211694722561,0.9877065895962768,9.373507573219905
7/3/11,9.373507573219905,6.6489024E7,0.02837742848761593,-0.025439931613536207,0.9058541562308096,0.8311529055977498,0.5788910285976847,1.3333333333333808,0.06389403171241394,0.8357528235178644,9.361804097487548
7/4/11,9.361804097487548,5.3826936E7,0.04130303659890089,-0.01209133797104879,0.9298286967464645,0.8640448359806547,0.5855797443564172,0.44444444444451287,0.06980789793013266,0.8056716771639753,9.405757101566374
7/5/11,9.405757101566374,4.7114993E7,0.05415013085590381,0.0011569557943417307,0.9532191311643097,0.8937696010418731,0.5992207592813704,0.0,0.07523156910257522,0.8083028312640121,9.503441935210583
7/6/11,9.503441935210583,1.07696972E8,0.07556423455177885,0.016038411545829155,0.9688127541095399,0.9187839853977622,0.6460333376119213,0.0,0.08123355560627485,0.9383414567921854,9.483827917980618
7/7/11,9.483827917980618,6.0560075E7,0.08350332736704402,0.02953139471007213,0.903450926982118,0.9136729659258809,0.5962845115924533,4.545454545454516,0.09117374425093834,0.7452788875845856,9.450631463413314
7/8/11,9.450631463413314,7.1659892E7,0.09116497185345551,0.04185811013874881,0.8627172846547452,0.8966877388355023,0.6060359564955522,3.1818181818181857,0.09266985059034763,0.7493822681212123,9.406751655226959
7/9/11,9.406751655226959,8.2225733E7,0.09054472212795339,0.05159543253658973,0.7626448564364964,0.8520067780358338,0.5715241153496502,8.750000000000028,0.09502392572727122,0.6479678005397532,9.342958437408052
7/10/11,9.342958437408052,8.6721348E7,0.08424059801677153,0.05812446563262609,0.5243029201640131,0.742772158745227,0.5431199565794491,12.500000000000055,0.09417570395108345,0.5729760384539282,9.235572689785572
7/11/11,9.235572689785572,6.5066893E7,0.0655779298610959,0.05961515847832005,0.34953528010934215,0.611693199199932,0.475587879829165,20.0,0.09158546653366804,0.39776230221432357,9.165911445757263
7/12/11,9.165911445757263,6.7576254E7,0.04701797127917118,0.05709572103849028,0.23302352007289479,0.48546997282425297,0.4602586773212552,20.0,0.08354767104455735,0.35176409207920506,9.170612535839846
7/13/11,9.170612535839846,3.5532729E7,0.03194087585140437,0.052064752001073106,0.15534901338192988,0.3754296530101453,0.4602586773212551,20.0,0.07787029775085301,0.3559335714494467,9.145913600720643
7/14/11,9.145913600720643,7.0896633E7,0.013382571731630932,0.04432831594718468,0.1035660089212866,0.2848084383138591,0.42854533621471463,20.0,0.06995027919653789,0.24271293664417087,9.012156446681097
7/15/11,9.012156446681097,6.0429994E7,-0.00450080125943586,0.03456249250586057,0.06904400594752441,0.21288696085841424,0.4132897847123121,20.0,0.07098914277961778,0.2148816476307249,8.951359065902325
7/16/11,8.951359065902325,7.5535741E7,-0.02883107011272834,0.021883779982142786,0.04602933729834961,0.1572677530050594,0.3677089826565194,20.0,0.07349009905201102,0.0759679866420442,8.958037937919965
7/17/11,8.958037937919965,4.3092663E7,-0.04277836257485035,0.008951351470744159,0.06990191114007656,0.12814580571673181,0.40040939525967145,17.931034482758605,0.07875542477291597,0.21628687097308474,8.865603058019198
7/18/11,8.865603058019198,6.1950167E7,-0.06199315453150156,-0.005237549729704986,0.046601274093384375,0.100964295175616,0.3634839209319546,20.0,0.07752518905079449,0.09799992410555222,8.861167697794917
7/19/11,8.861167697794917,4.6679612E7,-0.07554328322082604,-0.019298696427929196,0.040871437630883495,0.08093334266070518,0.36915046342776975,19.60000000000001,0.08567651152377564,0.1815250952215501,8.924393258523274
7/20/11,8.924393258523274,6.7549651E7,-0.07811910161592728,-0.031062777465528813,0.13835873619836808,0.10007514050659282,0.41902426764477624,14.117647058823444,0.09235393985535484,0.3290964412020039,8.907700951700486
7/21/11,8.907700951700486,6.1979794E7,-0.08483099236290492,-0.04181642044500404,0.12557249079891325,0.10857425727069964,0.3931245165490719,17.99999999999993,0.09567088129735901,0.27751971973936695,8.877187984150881
7/22/11,8.877187984150881,4.9757216E7,-0.09231374445967866,-0.05191588524793897,0.08371499386594218,0.10028783613578049,0.3787900940029323,20.0,0.10071857376800174,0.26867201210001473,8.808395726129765
7/23/11,8.808395726129765,4.5887776E7,-0.10191061582370686,-0.06191483136309255,0.05580999591062813,0.08546188939406305,0.35782142350798324,20.0,0.10438227305067777,0.23991277536440014,8.824641355479221
7/24/11,8.824641355479221,5.2347656E7,-0.10188639121348686,-0.06990914333317141,0.1853548120885658,0.11875953029223063,0.40488401701677845,13.599999999999994,0.10892379774366355,0.3477752154005551,8.890643026843948
7/25/11,8.890643026843948,9.3478648E7,-0.09432454696088222,-0.07479222405871358,0.41986617102200463,0.21912841053548865,0.4482108017377655,2.2222222222223538,0.10936464407073195,0.4361585115081783,8.851375780718916
7/26/11,8.851375780718916,8.8036486E7,-0.0976954718688301,-0.07937287362073689,0.3387343100931028,0.25899704372136,0.3977883977516417,16.66666666666657,0.10638673490409577,0.31758393716022554,8.772162938264824
7/27/11,8.772162938264824,6.7011196E7,-0.10321177517997171,-0.08414065393258387,0.22582287339540189,0.24793898694604063,0.38016447286717897,20.0,0.09831780587562931,0.269708754385472,8.789132561903154
7/28/11,8.789132561903154,4.2401677E7,-0.10555974187468387,-0.08842447152100388,0.16809244191272357,0.22132347193493496,0.385993774321943,18.947368421052662,0.09300259025936979,0.29014464083331953,8.641646772639588
7/29/11,8.641646772639588,6.9367973E7,-0.12135305205572955,-0.09501018762794902,0.11206162794181573,0.1849028572705619,0.32396958295165684,20.0,0.08267982602324818,0.052504367260751056,8.585289425867579
7/30/11,8.585289425867579,6.9666907E7,-0.1347369497524955,-0.10295554005285833,0.0747077519612105,0.14817115550077814,0.31539589400571255,20.0,0.07881517658201524,0.03487399694174723,8.595268207922915
7/31/11,8.595268207922915,4.9918846E7,-0.13890112088526152,-0.11014465621933897,0.10108721925619069,0.13247651008591566,0.35213601189836274,16.92307692307698,0.07523574660286182,0.1393251795280485,8.60619599117219
8/1/11,8.60619599117219,4.8026408E7,-0.1453670541558303,-0.11718913580663724,0.06739147950412713,0.11078149989198616,0.3329892856013725,20.0,0.07384618679960266,0.08322238796589956,8.380459453836117
8/2/11,8.380459453836117,1.4038973E8,-0.16632620923498465,-0.12701655049230673,0.04492765300275143,0.08883021759557458,0.27437947006473945,20.0,0.07423992256358734,-0.18228038390240645,8.34187551369699
8/3/11,8.34187551369699,7.1644862E7,-0.18085174430571804,-0.13778358925498901,0.029951768668500956,0.06920406795321671,0.27437947006473945,20.0,0.08272815361792403,-0.05664907862266104,8.259186349095096
8/4/11,8.259186349095096,8.2431224E7,-0.19415976472517116,-0.14905882434902545,0.01996784577900064,0.05279199389514469,0.26233281475103604,20.0,0.08996166830003181,-0.023237400271659426,8.30027165445123
8/5/11,8.30027165445123,8.0017463E7,-0.2039690711538018,-0.16004087370998074,0.013311897186000428,0.03963196165876327,0.25748780395374055,20.0,0.09747953472846227,0.039602027258515714,8.416133649825033
8/6/11,8.416133649825033,1.34216053E8,-0.19337557537960848,-0.1667078140439063,0.19935078860019198,0.09287157063923951,0.3801455728784253,12.156862745097994,0.10599839267321329,0.31369976052987836,8.450942147206618
8/7/11,8.450942147206618,5.021296E7,-0.1836698385151596,-0.17010021893815697,0.31385290668584365,0.16653201598810757,0.3768109386876184,9.142857142857059,0.10442223647976277,0.31850951470095396,8.483436245647152
8/8/11,8.483436245647152,4.7008304E7,-0.17157936275509122,-0.17039604770154385,0.4187590806477061,0.25060770420797374,0.39390033738466557,7.428571428571379,0.10467946453322909,0.3660691275226414,8.540779922730966
8/9/11,8.540779922730966,5.0000107E7,-0.15935372661537883,-0.16818758348431084,0.5435405365237578,0.34825198164656845,0.39977875307395716,6.8571428571428195,0.10334662971759942,0.38729078594154615,8.444933533185111
8/10/11,8.444933533185111,3.9423884E7,-0.15274556466414602,-0.16509917972027788,0.6087371692767076,0.43508037752328155,0.37631577425610047,8.275862068965559,0.0981834757246839,0.32806802196297563,8.415011092729268
8/11/11,8.415011092729268,5.2706596E7,-0.15300702678595357,-0.16268074913341302,0.5217668085033123,0.46397585451662515,0.34387996104569163,13.043478260869572,0.09510389515922744,0.23899136750486696,8.0807691597767
8/12/11,8.0807691597767,3.9982538E7,-0.17460210933966636,-0.1650650211746637,0.3478445390022082,0.42526541601181955,0.26501815686157637,20.0,0.09421450941763919,-0.06679377626036725,8.062804143950608
8/13/11,8.062804143950608,2.6966055E7,-0.1903292867325792,-0.17011787428624683,0.23189635933480549,0.36080906378614824,0.2627915860008461,20.0,0.1044930555811354,0.024992006645320846,8.034714379181457
8/14/11,8.034714379181457,2.8876449E7,-0.20367303783264035,-0.17682890699552556,0.15459757288987033,0.2920719001540556,0.25365817563160314,20.0,0.1090076829142615,0.046487162716936065,8.095340359784892
8/15/11,8.095340359784892,5.0974236E7,-0.2022338338474139,-0.18190989236590324,0.18469770165447202,0.25628050065419444,0.3286563790430207,15.102040816326491,0.10760535486345812,0.2030737520568806,8.080045661461906
8/16/11,8.080045661461906,4.3691987E7,-0.2019924764932064,-0.18592640919136388,0.17755356981046438,0.2300381903729511,0.31727003997949765,16.73469387755102,0.10398594559555797,0.1794402063507174,8.105991210540964
8/17/11,8.105991210540964,4.0080965E7,-0.19950147028699483,-0.1886414214104901,0.1727908152477926,0.21095573199789827,0.31727003997949765,16.73469387755102,0.10104372548023789,0.20057395583249862,8.1253045163265
8/18/11,8.1253045163265,3.9552477E7,-0.1928831438258669,-0.18948976589356548,0.20046519466131874,0.20745888621903844,0.3370449200783643,15.510204081632677,0.09460702784570812,0.24440085299383332,8.073371079515764
8/19/11,8.073371079515764,3.3635896E7,-0.1894883507999019,-0.18948948287483278,0.19246699251931107,0.2024615883191293,0.3204695352125971,17.20930232558137,0.09306361480522536,0.20564525882609277,7.919124878713467
8/20/11,7.919124878713467,1.15797069E8,-0.1926464092462261,-0.19012086814911147,0.1283113283462074,0.17774483499482202,0.28991728747172796,20.0,0.09247324251588884,0.1126049907782196,7.788997729797133
8/21/11,7.788997729797133,1.06535413E8,-0.21685689481817505,-0.19546807348292422,0.08554088556413827,0.14701018518459413,0.22191451681520588,20.0,0.0911234427416314,-0.220993325460085,7.707749604328236
8/22/11,7.707749604328236,4.5089773E7,-0.23096075793217352,-0.20256661037277407,0.07876638747754161,0.12426225261557663,0.24098947165649323,18.695652173913036,0.10449963524055877,-0.04038137029633941,7.706547208107362
8/23/11,7.706547208107362,3.2425638E7,-0.23858104090830246,-0.20976949647987977,0.08149643223140453,0.11000697915418595,0.24757726675847755,18.260869565217394,0.11724967000574457,0.07145039256717647,7.634781149960312
8/24/11,7.634781149960312,1.00909326E8,-0.24502335901315142,-0.21682026898653411,0.05433095482093636,0.0914483043764361,0.23869825282016277,20.0,0.12657973555078944,0.10354119103558394,7.728496425885177
8/25/11,7.728496425885177,4.5202381E7,-0.24249214545982056,-0.2219546442811914,0.08066508099173579,0.087853896581536,0.2801868031995819,17.333333333333307,0.1359311784024802,0.2142677753162292,7.685692524523881
8/26/11,7.685692524523881,4.6584899E7,-0.2457227656620855,-0.22670826855737025,0.0537767206611572,0.07649483794140974,0.25533834501972447,20.0,0.14156890537949884,0.17070116062415275,7.684965932162761
8/27/11,7.684965932162761,3.0224255E7,-0.24066729413209753,-0.22950007367231573,0.08130569256198392,0.0780984561482678,0.2955031182401755,17.551020408163243,0.14343108830257575,0.2522998635322188,7.634490138488219
8/28/11,7.634490138488219,4.7630983E7,-0.23555924898316682,-0.23071190873448594,0.09341948131583247,0.08320546453745603,0.2899183645627226,18.181818181818183,0.14071246553505756,0.254542752382485,7.686739792488909
8/29/11,7.686739792488909,7.7344589E7,-0.22727734182678905,-0.23002499535294657,0.26227965421055555,0.14289686109515587,0.30401148779326886,16.470588235294088,0.1341532881272811,0.283379425498645,7.624756879556466
8/30/11,7.624756879556466,5.5545514E7,-0.224580379333025,-0.22893607214896228,0.17485310280703706,0.15354894166578295,0.28017958741677296,20.0,0.12270552719238742,0.21016650792840882,7.454687846404524
8/31/11,7.454687846404524,6.45019E7,-0.2326715867315512,-0.22968317506548008,0.11656873520469138,0.14122220617875242,0.23988354799937228,20.0,0.1125081239007133,0.04853656029363569,7.445702215185328
9/1/11,7.445702215185328,4.8389405E7,-0.2355616029357348,-0.23085886063953104,0.08961725204122258,0.12402055479957581,0.24713435907318473,19.285714285714302,0.10911091137653783,0.08743461713194793,7.42421545556308
9/2/11,7.42421545556308,4.7580447E7,-0.23913000192265166,-0.23251308889615518,0.05974483469414839,0.10259531476443334,0.23511924593132258,20.0,0.11429464129683722,0.09098492451632645,7.406106226603553
9/3/11,7.406106226603553,3.0350495E7,-0.2399983486853623,-0.2340101408539966,0.03982988979609893,0.08167350644165522,0.232695009223589,20.0,0.11952710168366283,0.1347299397207446,7.49209245815916
9/4/11,7.49209245815916,5.8500797E7,-0.23076416624947527,-0.23336094593309234,0.13000153572613474,0.09778284953648173,0.3020847498058644,13.793103448275872,0.12381289612368626,0.26523580267239,7.575047126373412
9/5/11,7.575047126373412,6.2142486E7,-0.2153155712783441,-0.22975187100214273,0.27057573646110045,0.15538047851135464,0.350994387669755,8.965517241379363,0.11849420010335171,0.34705466565154786,7.643399252270606
9/6/11,7.643399252270606,7.011895E7,-0.19278102454850465,-0.22235770171141514,0.4792343990200437,0.26333178534758434,0.4138659030939719,2.0689655172413963,0.11092433692566496,0.4580927060966935,7.651980991495171
9/7/11,7.651980991495171,6.2270863E7,-0.1737265389391025,-0.21263146915695263,0.6400024198595167,0.3888886635182285,0.40961438628186303,2.7586206896551744,0.10017880236804862,0.44625078808642327,7.713867297137129
9/8/11,7.713867297137129,7.544419E7,-0.14884081330280008,-0.19987333798612214,0.7600016132396779,0.512592980092045,0.46815199905051574,0.0,0.08436615980301723,0.5816269887103792,7.7042967957138755
9/9/11,7.7042967957138755,4.404538E7,-0.12844497910566588,-0.1855876662100309,0.8304772659693093,0.6185544087177998,0.46323092377452474,0.5714285714285599,0.06891250744512586,0.5733180435791165,7.718741667538405
9/10/11,7.718741667538405,4.6411105E7,-0.11259701807821632,-0.170989536583668,0.8584134154081107,0.6985074109479035,0.45302646630635496,1.7142857142857302,0.05750017776177772,0.5386280396589087,7.684001857442119
9/11/11,7.684001857442119,3.4912528E7,-0.10129052988772713,-0.15704973524447985,0.8484660864625504,0.7484936361194525,0.4375361323074158,3.4285714285714097,0.05840238588030361,0.4740698816386483,7.7408962956731076
9/12/11,7.7408962956731076,5.3821168E7,-0.08808697897053364,-0.14325718398969062,0.8733363653340085,0.7901078791909713,0.4637313249492012,1.1428571428571197,0.05820679337404625,0.5571707616812266,7.7358784296702
9/13/11,7.7358784296702,3.2490296E7,-0.07514303475939244,-0.12963435414363098,0.9155575768893391,0.8319244450904273,0.47678522241375476,0.0,0.05863728026015752,0.5913493742545356,7.812689358394869
9/14/11,7.812689358394869,4.678298E7,-0.06015683305824826,-0.11573884992655444,0.9437050512595595,0.8691846471468048,0.5088116887556167,0.0,0.060164053536536734,0.6778920532393701,7.793194119065704
9/15/11,7.793194119065704,4.7282079E7,-0.05171856297264288,-0.10293479253577212,0.8513589230619286,0.8632427391185128,0.4774959990001306,6.666666666666667,0.06227722992773171,0.5613392087838406,7.766850983561189
9/16/11,7.766850983561189,3.9743689E7,-0.04052939338451722,-0.09045371270552115,0.9009059487079525,0.8757971423149928,0.5098199023534418,0.0,0.0637349244942608,0.6460199240157152,7.627347395959949
9/17/11,7.627347395959949,8.9555247E7,-0.048850934095991505,-0.08213315698361523,0.6006039658053017,0.7840660834784292,0.39470681455884454,20.0,0.06632238206866041,0.23812936651052546,7.537650290865459
9/18/11,7.537650290865459,4.0630297E7,-0.05880255791158007,-0.0774670371692082,0.4004026438702012,0.6561782702756866,0.3741361582787325,20.0,0.06668787606037421,0.17569281087375627,7.549073580999599
9/19/11,7.549073580999599,3.3322665E7,-0.0643338579618371,-0.074840401327734,0.29162645393815834,0.5346609981631772,0.38780976657162436,18.518518518518547,0.06747113196786655,0.24436840500940007,7.503351182637197
9/20/11,7.503351182637197,2.7038216E7,-0.07032751061703202,-0.07393782318559361,0.19441763595877223,0.4212465440950423,0.37465482026203323,20.0,0.06814867046408661,0.21860322840114485,7.519726796537203
9/21/11,7.519726796537203,3.626894E7,-0.07501966001222016,-0.07415419055091892,0.12961175730584817,0.3240349484986443,0.37017032155998886,20.0,0.06628837205351272,0.21990959779960034,7.491283161338526
9/22/11,7.491283161338526,3.5326454E7,-0.07704319973765461,-0.07473199238826606,0.09790209107746176,0.24865732935825013,0.378145394368901,19.31034482758622,0.06490199660640479,0.25899334014936143,7.519137854865284
9/23/11,7.519137854865284,3.6366406E7,-0.0777506089272384,-0.07533571569606053,0.07676231359187081,0.19135899076945706,0.37814539436890093,19.31034482758622,0.06098336638766113,0.2675885810254509,7.49538924979634
9/24/11,7.49538924979634,3.6963616E7,-0.07981196246406608,-0.07623096504966163,0.051174875727913884,0.14463095242227603,0.36234452647413434,20.0,0.05605767633690408,0.20726646714484648,7.439528334421318
9/25/11,7.439528334421318,4.033451E7,-0.0876969321870611,-0.07852415847714153,0.03411658381860926,0.10779282955438711,0.3194406280286899,20.0,0.05620879126621929,0.0443916868539137,7.523072701586522
9/26/11,7.523072701586522,5.4763743E7,-0.07692080382545274,-0.07820348754680378,0.3560777225457395,0.19055446055150457,0.4691092926575872,0.0,0.062094689060376615,0.5105731266813449,7.545551674303251
9/27/11,7.545551674303251,3.8419444E7,-0.07158998184612475,-0.07688078640666798,0.48738514836382635,0.28949802315561185,0.44301267352090207,5.0,0.062149867491081964,0.4136714252449793,7.584642657807321
9/28/11,7.584642657807321,4.4804211E7,-0.061811246884017734,-0.07386687850213794,0.6582567655758842,0.41241760396236926,0.4801916901579835,0.0,0.06274603757927348,0.5366031143468569,7.643129444944525
9/29/11,7.643129444944525,3.7255105E7,-0.05344544317428657,-0.06978259143656768,0.7721711770505895,0.5323354616584426,0.4801916901579836,0.0,0.06089440331074299,0.534116642642443,7.572048573940066
9/30/11,7.572048573940066,5.5393324E7,-0.04867513607208451,-0.06556110036367105,0.8004950704146783,0.6217219979105211,0.4624728504694249,2.857142857142881,0.059093798338750565,0.47132028189247654,7.496030217997286
10/1/11,7.496030217997286,4.4361378E7,-0.05395566314503508,-0.06324001291994386,0.6289014755145469,0.624115157111863,0.3993235207887886,14.285714285714322,0.0577928501227441,0.22558980906949397,7.336893044026828
10/2/11,7.336893044026828,7.3135906E7,-0.06864604004669239,-0.06432121834529357,0.4192676503430313,0.5558326548555859,0.3411027745744039,20.0,0.059287997130146125,-0.025580507348438287,7.349341136602073
10/3/11,7.349341136602073,3.8370245E7,-0.07458697875828424,-0.06637437042789171,0.34847728413673307,0.4867141979493016,0.38244688310266595,15.862068965517269,0.0647862373178488,0.17501576840606498,7.597054200964926
10/4/11,7.597054200964926,1.4597194E8,-0.06084170876014916,-0.0652678380943432,0.5541572698842581,0.5091952219276205,0.5045733902262532,0.6896551724138396,0.06459539417716341,0.6137597109285075,7.564623444613672
10/5/11,7.564623444613672,6.3799021E7,-0.05257015296377254,-0.06272830106822906,0.6453002488883551,0.5545635642478655,0.48585606524961844,3.448275862069014,0.05763995748382273,0.5321175193302268,7.474138405176414
10/6/11,7.474138405176414,5.0981388E7,-0.05107454482742391,-0.060397549820068036,0.6256024647761448,0.5782431977572919,0.4542605302858886,8.275862068965523,0.05204073157214698,0.37081762853953565,7.478021277595553
10/7/11,7.478021277595553,4.1199392E7,-0.05011844677384758,-0.058341729210823944,0.6009763558277749,0.5858209171141195,0.4497835331212246,8.965517241379303,0.040979664409354515,0.3221579064240014,7.469656652933791
10/8/11,7.469656652933791,2.8598526E7,-0.05119137910481886,-0.05691165918962293,0.5554128086470882,0.5756848809584425,0.43597252394799574,11.034482758620697,0.040556339994201225,0.2483240331181203,7.512101182815377
10/9/11,7.512101182815377,6.0553998E7,-0.04586457247974174,-0.054702241847646695,0.6083704438599633,0.5865800685922828,0.4761831930434475,5.714285714285732,0.04116813690706124,0.48006518439754337,7.455938979223965
10/10/11,7.455938979223965,3.9495794E7,-0.049943404070011965,-0.05375047429211975,0.5127231530494994,0.5619610967446884,0.42515122236912595,13.571428571428568,0.0409624785052654,0.15854679818049178,7.368370800928419
10/11/11,7.368370800928419,2.9556474E7,-0.05735623903025289,-0.054471627239746384,0.341815435366333,0.48857920961856993,0.4000929587609997,17.857142857142897,0.042573368915754056,0.032103797077854976,7.34517346765935
10/12/11,7.34517346765935,3.5316266E7,-0.06330810415260402,-0.056238922622317916,0.22787695691088872,0.40167845871600955,0.39592586389453793,20.0,0.04620827681484442,0.08301340893652455,7.27674361045715
10/13/11,7.27674361045715,4.8072062E7,-0.07602471524102583,-0.0601960811460595,0.15191797127392584,0.31842496290198163,0.35263876861086935,20.0,0.049620330833237414,-0.12133275583307684,7.221449652753961
10/14/11,7.221449652753961,3.7540673E7,-0.08671693515085988,-0.06550025194701958,0.10127864751595057,0.24604285777330465,0.34528478684255115,20.0,0.05786659373882647,-0.025643372921872222,7.155066996791464
10/15/11,7.155066996791464,4.4280628E7,-0.09729668653148948,-0.07185953886391357,0.06751909834396706,0.1865349379635255,0.3305149134673672,20.0,0.06561627890265792,0.004727903942963702,7.155014164349294
10/16/11,7.155014164349294,2.3528437E7,-0.10527459218262081,-0.07854254952765502,0.04501273222931138,0.13936086938545414,0.32677082727685886,20.0,0.073877949535282,0.08414150991820543,7.131128743993583
10/17/11,7.131128743993583,2.8344266E7,-0.11431398159951733,-0.08569683594202748,0.030008488152874258,0.10291007564126085,0.30807500912772257,20.0,0.07881509205086812,0.06807251364271699,7.253285241914899
10/18/11,7.253285241914899,7.4565209E7,-0.10334126411589484,-0.08922572157680096,0.25333899210191624,0.15305304779481266,0.44974495924283614,9.756097560975594,0.08542831864932901,0.4415922326914964,7.312282137265111
10/19/11,7.312282137265111,6.2930106E7,-0.08878040267868759,-0.08913665779717829,0.5022259947346108,0.2694440301080787,0.4821995633379768,2.0000000000000178,0.08180270769755445,0.5350079343147407,7.35362114562848
10/20/11,7.35362114562848,3.2324563E7,-0.08114690266174573,-0.08753870677009179,0.5940765890823336,0.377654883099497,0.45353866325981423,4.444444444444422,0.07699394958343705,0.4378099338043499,7.439223976563756
10/21/11,7.439223976563756,4.8620078E7,-0.06387111885745433,-0.08280518918756431,0.7293843927215558,0.49489805297351663,0.5197973588647395,0.0,0.0727739683907534,0.6600120520456515,7.432102147976741
10/22/11,7.432102147976741,2.7147361E7,-0.05040580540557382,-0.07632531243116622,0.8097856735790766,0.59986059317537,0.5146543302096136,0.5882352941176348,0.0725156919292268,0.6282204582050049,7.400743274978932
10/23/11,7.400743274978932,2.9564294E7,-0.04167479565945076,-0.06939520907682313,0.8339747627782079,0.6778986497096493,0.49879122664336756,2.3529411764705914,0.07283183525888547,0.564916158467762,7.458047871102218
10/24/11,7.458047871102218,3.7953795E7,-0.03116845132092738,-0.061749857525643985,0.8893165085188053,0.7483712693127014,0.5199299661245581,0.0,0.0729171720071018,0.6258401191603186,7.406650148123502
10/25/11,7.406650148123502,2.2249339E7,-0.025772672123269835,-0.05455442044516916,0.8869953194046938,0.7945792860100322,0.49745111782400925,2.3529411764705914,0.06793010851953146,0.5500284361133696,7.4697405290982175
10/26/11,7.4697405290982175,4.395252E7,-0.017262900135096793,-0.04709611638315468,0.9246635462697959,0.8379407060966202,0.5249575860421494,0.0,0.06364794478770633,0.6444135887575239,7.514731812476962
10/27/11,7.514731812476962,5.265849E7,-0.0032194844733073325,-0.03832079000118522,0.9497756975131972,0.8752190365688126,0.57031444794778,0.0,0.06268159854903216,0.8077883147532078,7.605107642452966
10/28/11,7.605107642452966,5.1397333E7,0.01340392648078037,-0.027975846704792102,0.9665171316754648,0.9056517349376967,0.6019831878575109,0.0,0.06505298638001926,0.8986693314847439,7.594406198247878
10/29/11,7.594406198247878,4.018555E7,0.023084331912265554,-0.017763810981380572,0.9141860242915797,0.9084964980556578,0.5759922559507046,2.6666666666666705,0.0711949503335657,0.7606332398152111,7.611774674909777
10/30/11,7.611774674909777,3.6799861E7,0.035989671416566615,-0.007013114501791134,0.9427906828610533,0.9199278929907897,0.6077467577245322,0.0,0.07319401643485325,0.8447238287038922,7.62232072319931
10/31/11,7.62232072319931,3.218919E7,0.03930878730835019,0.0022512658602371304,0.8507493441295911,0.8968683767037235,0.5566957207855441,6.666666666666667,0.08007555060365783,0.6637239940302305,7.593655832492131
11/1/11,7.593655832492131,2.8328508E7,0.04305671243942477,0.010412355176074658,0.8171662294197268,0.8703009942757247,0.5664506404745543,5.000000000000037,0.08281306520407716,0.6722188842923069,7.563518504322487
11/2/11,7.563518504322487,2.9807495E7,0.04071612144594283,0.016473108430048296,0.7114441529464846,0.8173487138326447,0.5290319846424238,10.0,0.08561335214154603,0.5659483514052104,7.47612530370406
11/3/11,7.47612530370406,4.9611207E7,0.032834278115482896,0.019745342367135217,0.4742961019643231,0.7029978432098709,0.48868036141781396,15.833333333333352,0.08405323098425095,0.4601308445281756,7.456187667972692
11/4/11,7.456187667972692,2.8176827E7,0.027082585727054465,0.021212791039119067,0.3337412609586712,0.5799123157928044,0.4945809571972604,18.947368421052655,0.08014407386719874,0.47724631901174713,7.452090407467427
11/5/11,7.452090407467427,3.7082866E7,0.023065361368860948,0.021583305105067445,0.2575818932706938,0.47246884161876757,0.5007537461564241,17.894736842105218,0.07350962323386759,0.4940016794592747,7.500729791170006
11/6/11,7.500729791170006,3.6411101E7,0.02204827263957654,0.021676298611969264,0.2594405604260761,0.4014594145545371,0.5196122080494825,14.736842105263188,0.06458413278861509,0.5499671810143819,7.625536416202229
11/7/11,7.625536416202229,5.7205114E7,0.03137051625464338,0.02361514214050409,0.48874984730159343,0.43055622547022254,0.591291041941725,1.0526315789474374,0.04802256248487413,0.8872236915907734,7.66651381138078
11/8/11,7.66651381138078,4.7587494E7,0.041507652804856576,0.02719364427337459,0.659166564867729,0.5067596719360581,0.6104529499749834,0.0,0.04691018411774127,0.9604610168307909,7.7158411254986285
11/9/11,7.7158411254986285,5.6974001E7,0.052965436109954744,0.03234800264069062,0.7727777099118194,0.5954323512613118,0.6334678905309354,0.0,0.04890317001441919,1.0212782772055717,7.658767092913486
11/10/11,7.658767092913486,4.2177128E7,0.057350133159703276,0.03734842874449315,0.7867900782128171,0.6592182602451468,0.5957557320195742,3.70370370370375,0.04896256135192855,0.847863347677223,7.687576506677613
11/11/11,7.687576506677613,2.6193792E7,0.06092959514273044,0.04206466202414061,0.8084773360924955,0.7089712855275965,0.600847734449026,2.9629629629629606,0.0505109349349704,0.8282321862445204,7.600781831343562
11/12/11,7.600781831343562,3.8667163E7,0.05107385059789138,0.043866499738890764,0.6287284804719203,0.6822236838423711,0.4996898492659775,14.07407407407408,0.05143551518425304,0.44281531028242177,7.535643862071066
11/13/11,7.535643862071066,2.6921255E7,0.04197235443771241,0.043487670678655097,0.48581898698128,0.6167554515553408,0.4937521759398532,15.384615384615358,0.04830944396673796,0.4201153090950774,7.595789686113481
11/14/11,7.595789686113481,4.3645487E7,0.04234044315053431,0.04325822517303094,0.5056975064723681,0.5797361365276833,0.5509259611118908,8.000000000000043,0.04646055185200648,0.6823021575252965,7.529671916171704
11/15/11,7.529671916171704,3.7691617E7,0.030978228402453567,0.04080222581891547,0.33713167098157876,0.49886798134564847,0.471116661626571,20.0,0.042778750010529144,0.28757622420777057,7.498636772875272
11/16/11,7.498636772875272,2.1823216E7,0.022520900854499537,0.03714596082603228,0.23864333620994113,0.4121264329670794,0.4769158472687305,19.166666666666686,0.04176333180853641,0.3316707755680641,7.451733159972675
11/17/11,7.451733159972675,2.9220009E7,0.009256374703201509,0.03156804360146613,0.1590955574732941,0.32778280780248437,0.4359435260415555,20.0,0.042744345301328465,0.12637824689728017,7.369312787507388
11/18/11,7.369312787507388,3.3266319E7,-0.006027870853549722,0.02404886071046296,0.10606370498219608,0.25387644019572164,0.4077913899088028,20.0,0.046237569593376146,0.030728294718373773,7.361365663774228
11/19/11,7.361365663774228,2.478531E7,-0.017136292633299632,0.015811830041710443,0.08081014675580729,0.1961876757157502,0.4145427040579298,19.39393939393941,0.05221939927721186,0.1464014265965452,7.367560023001053
11/20/11,7.367560023001053,2.0252986E7,-0.027239628299676077,0.00720153837343314,0.0538734311705382,0.14874959420067954,0.4046573050523086,20.0,0.05532621181812528,0.15378750816631936,7.403028224653905
11/21/11,7.403028224653905,2.8957627E7,-0.02527227443943314,7.067758108598833E-4,0.17877276363750166,0.15875731734628692,0.4837915575404397,11.428571428571429,0.05959919096443334,0.45230559674396537,7.43665064695204
11/22/11,7.43665064695204,2.2784842E7,-0.025836059598052685,-0.004601791270922631,0.22632469956785906,0.18127977808681098,0.467158763582713,13.571428571428523,0.05962371952947797,0.3960292161267221,7.509794436187378
11/23/11,7.509794436187378,3.5819826E7,-0.02039929800326057,-0.007761292617390218,0.48421646637857274,0.2822586741840649,0.509331797536977,8.571428571428571,0.060445345307553335,0.5471531278048181,7.4673854388109975
11/24/11,7.4673854388109975,2.816748E7,-0.019098139511577017,-0.010028661996227579,0.5728109775857152,0.37910944198461505,0.4857914919008546,5.0,0.06000652688145439,0.4624290753564538,7.463813451574456
11/25/11,7.463813451574456,4.0827533E7,-0.018658791525083984,-0.01175468790199886,0.6110406517238106,0.45641984523101364,0.47985101978888167,6.2499999999999725,0.06002705139210561,0.4458683936456159,7.451755550609669
11/26/11,7.451755550609669,4.1978767E7,-0.019697378811733834,-0.013343226083945857,0.5948604344825418,0.5025667083148564,0.46759817083831606,8.749999999999917,0.060317478584210445,0.4111256884336754,7.431746724625126
11/27/11,7.431746724625126,3.9279397E7,-0.022679777639601717,-0.01521053639507703,0.5215736229883622,0.5089023465393583,0.4491653669526222,12.499999999999945,0.06114285608219697,0.3612039875432074,7.430945271204656
11/28/11,7.430945271204656,3.8822287E7,-0.020769351904859512,-0.016322299497033527,0.5768824153255753,0.5315623694680973,0.4853903739098466,6.2499999999999725,0.06057122959809173,0.4731681387578111,7.380197891236425
11/29/11,7.380197891236425,5.3769233E7,-0.027810820609492914,-0.018620003719525408,0.3845882768837169,0.4825710052733039,0.42024602370405517,20.0,0.05706665251798763,0.24042938699826302,7.400758814505945
11/30/11,7.400758814505945,3.4974819E7,-0.026628942009311096,-0.020221791377482545,0.42305885125581133,0.4627336206008064,0.47513598455769046,10.0,0.051871672706823,0.42863837641858116,7.770950672597539
12/1/11,7.770950672597539,2.2700202E8,0.010497930876977257,-0.014077846926590584,0.6153725675038743,0.5136132695684957,0.6658203078331004,0.0,0.04553120761821816,1.61945768491381,7.911358111247843
12/2/11,7.911358111247843,1.15134979E8,0.04026402295737963,-0.0032094729497965414,0.7435817116692496,0.5902694169354137,0.6686861907165155,0.0,0.06111558549939339,1.2704759074316512,8.126775933210494
12/3/11,8.126775933210494,2.2924919E8,0.09264185552228277,0.01596079274461932,0.8290544744461664,0.6698644361056646,0.7527457482762588,0.0,0.0768265501888685,1.6225282415968827,8.34505293261753
12/4/11,8.34505293261753,2.152548E8,0.13820691687060105,0.040410017569815666,0.8860363162974443,0.7419217295029246,0.7648397761771321,0.0,0.11579672645549956,1.239031736148386,8.315976433846114
12/5/11,8.315976433846114,1.14930761E8,0.16834242742132677,0.06599649954011788,0.9070174081438742,0.7969536223832412,0.7372421000863922,1.0204081632653201,0.14602385416985927,0.9862023763093408,8.40738743688011
12/6/11,8.40738743688011,1.7412697E8,0.19960708751182388,0.09271861713445909,0.9380116054292496,0.8439729500652441,0.7595520027991458,0.0,0.16502272725175957,0.9704758889653187,8.369053912733056
12/7/11,8.369053912733056,1.24094525E8,0.21305253815239222,0.11678540133804571,0.9237537686988645,0.870566556276451,0.7010879324002384,2.0952380952381167,0.18569058889423726,0.8076698653722575,8.719267978911972
12/8/11,8.719267978911972,3.4439445E8,0.2698197426354314,0.14739226959752286,0.9491691791325765,0.8967674305618262,0.7948909384513145,0.0,0.19410588758278022,1.1208981262828022,9.021513085622212
12/9/11,9.021513085622212,2.5478307E8,0.3247818573428223,0.18287018714658276,0.9661127860883845,0.919882549070679,0.8124637349496951,0.0,0.22770539950523952,1.0563953193311344,9.131606702838013
12/10/11,9.131606702838013,2.3488021E8,0.36972617106123096,0.2202413839295124,0.977408524058923,0.9390578740667604,0.819294051373337,0.0,0.2592868321968994,0.9664182802142693,9.063221823388425
12/11/11,9.063221823388425,1.7667064E8,0.3935460616262354,0.254902319468857,0.9508481069483731,0.9429879516939648,0.7801520946264592,1.4399999999999966,0.28360351269756484,0.8469703434115788,8.989144437023972
12/12/11,8.989144437023972,1.4975087E8,0.4085212344435334,0.2856261024637923,0.936224319360931,0.9407334075829535,0.7813954140360642,1.8181818181818181,0.29837950853290274,0.7992211822023808,8.975686318887469
12/13/11,8.975686318887469,1.30820092E8,0.40841891987653156,0.31018466594634014,0.8915914067057371,0.9243527406238814,0.7409865678861226,3.953488372093016,0.30756955256685486,0.7290922901874153,9.097732948353984
12/14/11,9.097732948353984,1.3464272E8,0.4132570617983795,0.330799145116748,0.9081197613332364,0.9189417475269998,0.7588052431958813,1.1627906976744335,0.3103981816604573,0.7451478390942464,9.394481875420853
12/15/11,9.394481875420853,2.3422668E8,0.4410560953633791,0.35285053516607423,0.938746507555491,0.9255433342031636,0.8024814978294109,0.0,0.3105232808152755,0.8420177312684796,9.425681856214066
12/16/11,9.425681856214066,9.6013021E7,0.45860740547426637,0.3740019092277127,0.9591643383703274,0.9367503355922182,0.8035402924895152,0.0,0.31745467866440263,0.8029265554667204,9.47410003755555
12/17/11,9.47410003755555,1.27847946E8,0.461548091111295,0.3915111456044292,0.9251571779611705,0.9328859497152023,0.7724836489277378,2.500000000000008,0.317648616076698,0.7487201695498319,9.533461758252155
12/18/11,9.533461758252155,1.19599842E8,0.47454665574302624,0.40811824763214866,0.9501047853074471,0.938625561579284,0.7965544345888773,0.0,0.30746941104062564,0.7972226542906365,9.858661787829014
12/19/11,9.858661787829014,1.9845164E8,0.5056475635799309,0.42762411082170515,0.9667365235382981,0.9479958822322887,0.8286104263545507,0.0,0.29759706636128375,0.8872582846798114,10.074314324750214
12/20/11,10.074314324750214,2.6143681E8,0.5322292142945422,0.4485451315162726,0.9778243490255321,0.9579387044967033,0.8369515936527305,0.0,0.285895861042693,0.8955303796062474,10.21012332307726
12/21/11,10.21012332307726,2.4820091E8,0.5709216276544851,0.47302043074391514,0.9852162326836882,0.9670312138923649,0.8590074127758562,0.0,0.27004757101851307,0.9837711300638722,10.159690743073446
12/22/11,10.159690743073446,1.5485118E8,0.5787755511968413,0.4941714548345004,0.9359436131170386,0.9566686803005895,0.7833209292435718,2.9629629629629797,0.2771448994589155,0.8513184800233095,10.08810719441466
12/23/11,10.08810719441466,1.7590618E8,0.579928618915817,0.5113228876507638,0.8927796130457678,0.9353723245489823,0.7853473096423266,2.926829268292677,0.26734385629448015,0.8336888390441273,10.104110729844097
12/24/11,10.104110729844097,1.21226794E8,0.5662459384230978,0.5223074978052307,0.8281613190914434,0.8996353227298028,0.747878632162061,6.021505376344113,0.2651996535318786,0.7657175113121637,9.967498207201668
12/25/11,9.967498207201668,1.7154746E8,0.5315230868869438,0.5241506156215734,0.7062294098602454,0.8351666851066171,0.6722754993404185,10.752688172043014,0.2576804145079094,0.664330768081229,10.176093874044673
12/26/11,10.176093874044673,2.2863487E8,0.5405405326989356,0.5274285990370459,0.8041529399068303,0.8248287700400215,0.7400931579287741,0.0,0.23739210395547652,0.8723001873397042,10.321892650902514
12/27/11,10.321892650902514,1.34039003E8,0.5398500354553519,0.5299128863207071,0.8568566769190193,0.8355047389996875,0.7339524399920827,0.5263157894736732,0.22919360139277026,0.8378140866984359,10.135313976404774
12/28/11,10.135313976404774,1.5669187E8,0.5164047736781257,0.5272112637921909,0.759917029895698,0.8103088359650243,0.6712915626761394,8.679245283018895,0.20779119064788754,0.740480348942279,9.970918649452063
12/29/11,9.970918649452063,1.16672023E8,0.4849715369731378,0.5187633184283802,0.6386868249619115,0.7531014989639868,0.6459679332201657,12.075471698113233,0.20023153734542104,0.6828912445941113,10.130516938343714
12/30/11,10.130516938343714,1.29872645E8,0.4651879864268036,0.5080482520280649,0.639627694628696,0.7152768975188899,0.6654968875946298,7.1698113207547065,0.19321555198634482,0.7332845473693415,10.252790156519989
12/31/11,10.252790156519989,1.7815488E8,0.46353206521327195,0.4991450146651063,0.7597517964191307,0.7301018638189702,0.6984042258393355,0.0,0.18763055366207132,0.8341700649198699,10.512659747010657
1/1/12,10.512659747010657,2.4222206E8,0.46333404072730744,0.49198281987754655,0.8398345309460873,0.7666794195280093,0.708640997188274,0.0,0.18151863197012666,0.8509015959424673,10.499445753433914
1/2/12,10.499445753433914,1.5596849E8,0.467471382902378,0.4870805324825129,0.893223020630725,0.8088606198955812,0.7237123983476537,0.0,0.1733984345347102,0.8930612422297504,10.76187041842383
1/3/12,10.76187041842383,3.2021049E8,0.4661833018953576,0.48290108636508183,0.9288153470871501,0.8488455289594375,0.7249825844641911,0.0,0.15919332316832085,0.8905148823964021,10.604736642095796
1/4/12,10.604736642095796,8.9716806E7,0.4638500953867748,0.47909088816942047,0.9525435647247669,0.883411540881214,0.7315930634354764,0.0,0.14388099320801387,0.9197157107210827,11.03804112970206
1/5/12,11.03804112970206,2.6308919E8,0.498217525097866,0.4829162155551096,0.9683623764831779,0.9117284860818687,0.7882952592653363,0.0,0.13951663583978607,1.2193843085633922,11.282326953418622
1/6/12,11.282326953418622,1.9106734E8,0.5290385309957522,0.4921406786432381,0.9789082509887854,0.934121741050841,0.7988043663974823,0.0,0.15147334095671963,1.162957965462754,11.229532538640989
1/7/12,11.229532538640989,1.7217145E8,0.5423707888246305,0.5021867006795167,0.9683949743434007,0.945546152148361,0.7781119806490154,0.9448818897637864,0.1578168067113688,1.0373714894238608,11.32422368793024
1/8/12,11.32422368793024,1.8114719E8,0.5657807254276008,0.5149055056291335,0.9789299828956006,0.9566740957307742,0.800284044150122,0.0,0.16108910417382993,1.1002411565635621,11.631138570977704
1/9/12,11.631138570977704,2.2315719E8,0.6151670777469942,0.5349578200527056,0.9859533219304004,0.9664338377973164,0.834899528540103,0.0,0.1767180324082885,1.215276645678063,12.039799219637587
1/10/12,12.039799219637587,2.715405E8,0.6564222873676329,0.5592507135156911,0.9906355479536004,0.9745010745160778,0.8423732052250651,0.0,0.20712914636208088,1.0937592812347101,11.858387604532671
1/11/12,11.858387604532671,1.7694468E8,0.6653097332257687,0.5804625174577067,0.9480949315124458,0.9656990268482005,0.7793728177569109,2.721088435374163,0.23655324281255344,0.8952885981615525,11.92790682035867
1/12/12,11.92790682035867,1.33748186E8,0.6750613249012218,0.5993822789464098,0.9488481576513232,0.9600820704492414,0.7902953495616175,0.9589041095890445,0.248542900651982,0.8801663818829603,11.532324894921723
1/13/12,11.532324894921723,3.151936E8,0.6295383688076193,0.6054134969186518,0.7261983972357136,0.8821208460447323,0.6411753638910418,9.078014184397171,0.2611546160233898,0.646644589906323,11.302478906857358
1/14/12,11.302478906857358,1.959049E8,0.5795185215114032,0.6002345018372021,0.5242929073940901,0.7628448664945182,0.6213414850856197,16.40449438202247,0.2556607472617597,0.6062919906589536,11.330868116126444
1/15/12,11.330868116126444,1.19051849E8,0.5273432164045513,0.5856562447506719,0.35756073344344946,0.6277501554774954,0.6035602406502779,19.51807228915664,0.2406638164577286,0.5747774137988687,11.169098535295978
1/16/12,11.169098535295978,1.14565262E8,0.4676919862905837,0.5620633930586543,0.238373822295633,0.49795804441687463,0.5686865449922769,20.0,0.2356445058343851,0.5135524339322647,10.774026338121624
1/17/12,10.774026338121624,2.6452304E8,0.3924929657022549,0.5281493075873744,0.15891588153042202,0.38494399012139047,0.5113137437247425,20.0,0.22899705423856254,0.4088645445324883,10.304736066562649
1/18/12,10.304736066562649,2.9079131E8,0.28203797275467934,0.4789270406208354,0.10594392102028136,0.2919439670876875,0.41913961357247725,20.0,0.21801018362571586,0.18940958047877035,10.217593219352043
1/19/12,10.217593219352043,1.4322643E8,0.185903286282878,0.4203222897532439,0.07062928068018758,0.2181724049518542,0.40844280964623336,20.0,0.21378590971520284,0.1802681644834553,10.304452965178234
1/20/12,10.304452965178234,1.16274545E8,0.12282450587012228,0.3608227329766196,0.07934425163625405,0.17189635384665417,0.4427281283297858,18.06451612903226,0.2154532190426436,0.2813274469777182,10.541598784237587
1/21/12,10.541598784237587,2.3859267E8,0.0728018202946572,0.30321855044022716,0.10199177499264472,0.14859482756198436,0.44464403175910966,17.95698924731183,0.21829202810444043,0.30770741132401247,10.465445079023343
1/22/12,10.465445079023343,1.5881573E8,0.03756693193445315,0.2500882267390724,0.13743896110620762,0.1448762054100588,0.4566527982675023,16.124031007751935,0.22232121802650437,0.3513038586391507,10.75816597336241
1/23/12,10.75816597336241,2.2465846E8,0.06298043043361545,0.212666667477981,0.36543549788032903,0.21839596956681556,0.5683302199978462,4.666666666666659,0.22555417870949587,0.6171836547256577,11.09033062749738
1/24/12,11.09033062749738,2.232089E8,0.09094849415309092,0.188323032813003,0.5769569985868861,0.33791631257350574,0.5833926813322127,1.6071428571428557,0.2211620276614635,0.6493705884681703,10.569961106048146
1/25/12,10.569961106048146,2.6100202E8,0.049602122489964984,0.1605788507483954,0.46554414792523807,0.3804589243574166,0.4611435952274416,15.145631067961162,0.218713849994763,0.3376421545153821,10.808790445418907
1/26/12,10.808790445418907,2.3360773E8,0.07088798944916874,0.14264067848855008,0.6113336390699,0.45741716259491105,0.5493502433106849,1.9417475728155282,0.22614538152589014,0.6101866483634046,11.131676636112676
1/27/12,11.131676636112676,2.0563162E8,0.08994799359727246,0.13210214151029456,0.7214716169851112,0.5454353140583111,0.5539520054096692,1.1650485436893308,0.2248531709095622,0.6148542650949835,10.820472850769086
1/28/12,10.820472850769086,1.9155515E8,0.07593576899994936,0.12086886700822554,0.6535300975979171,0.5814669085715132,0.5055543676104546,7.961165048543697,0.22461217466675465,0.47383583289308767,10.740072876040887
1/29/12,10.740072876040887,1.03046487E8,0.060103561477831136,0.10871580590214666,0.586480382525596,0.5831380665562075,0.4988829841975846,10.823529411764689,0.2234632445787896,0.4574597815709885,10.531361938850686
1/30/12,10.531361938850686,9.4081221E7,0.027869170268445487,0.09254647877540643,0.4251749558717649,0.5304836963280599,0.46717749841649925,16.666666666666654,0.21154190367948597,0.36399985681815084,10.363082474806482
1/31/12,10.363082474806482,1.32298619E8,-0.012062266380143072,0.07162472974429654,0.28344997058117666,0.4481391210790988,0.44447828761709607,20.0,0.19429779803240693,0.2873583537257136,10.24802553894513
2/1/12,10.24802553894513,1.05764431E8,-0.04640100145946313,0.04801958350354461,0.18896664705411778,0.3617482964041052,0.43939511595873443,20.0,0.18211039102334914,0.27525565330727114,10.449470613518496
2/2/12,10.449470613518496,1.6341936E8,-0.05682136653346603,0.027051393496142488,0.20349714454770623,0.3089979124519723,0.4717582221861353,15.652173913043493,0.15710674798850946,0.3717966256517995,10.655390473331991
2/3/12,10.655390473331991,2.1429927E8,-0.059551608497047326,0.009730793097504527,0.23643995683025376,0.2848119272447328,0.48138156049839237,13.953488372093025,0.14670703121123063,0.4103562138590651,10.516312042414382
2/4/12,10.516312042414382,1.4260446E8,-0.06340519854262006,-0.0048964052305203905,0.24677392470854154,0.2721325930660024,0.47672893869882793,14.651162790697661,0.1359819434534409,0.3935926595623415,10.546170606240029
2/5/12,10.546170606240029,1.14470221E8,-0.05214057309636111,-0.014345238803688536,0.4259538583024267,0.3234063481448105,0.5057331256593485,10.697674418604636,0.12545296638549014,0.5109402788064626,11.011814072534742
2/6/12,11.011814072534742,2.5369829E8,3.561057928340716E-4,-0.011404969884384015,0.6173025722016179,0.42137175616374634,0.5841757102494883,0.0,0.11742489740464813,0.8998031095369042,11.092625257860966
2/7/12,11.092625257860966,1.9326791E8,0.03430243705026115,-0.0022634884974549827,0.712953487850724,0.5185656667260723,0.5680763336597358,1.9148936170212745,0.1259447662452597,0.7757538080183064,11.041490108893315
2/8/12,11.041490108893315,1.22824527E8,0.05731677137388225,0.009652563476812464,0.7625363677870078,0.5998892337463841,0.5607178111790371,2.765957446808491,0.1274965205581997,0.7193467602952495,11.086716027762524
2/9/12,11.086716027762524,8.9020579E7,0.07309932081405535,0.022341914944261042,0.788499422496303,0.6627592966630238,0.5568536235833577,3.191489361702137,0.12390470293531085,0.6901629843858184,10.75193025834701
2/10/12,10.75193025834701,1.26327261E8,0.05750901828639421,0.029375335612687674,0.6382788942768146,0.6545991625342874,0.49475065339776914,10.425531914893627,0.12295457040350745,0.44137701199293156,10.768317374862479
2/11/12,10.768317374862479,1.13814685E8,0.04942534515746999,0.03338533752164414,0.5569746619122424,0.6220576623269392,0.5051846347292509,11.62162162162161,0.11836341119381438,0.4874550638652451,10.038382662940958
2/12/12,10.038382662940958,2.9806947E8,-0.01650260780858126,0.023407748455599058,0.3713164412748283,0.5384772553095689,0.39687996873847126,20.0,0.11526385757482348,-0.0543924637263883,10.041548053396093
2/13/12,10.041548053396093,1.31028762E8,-0.059192569730033284,0.00688768481847259,0.2788833255222506,0.45194594538046284,0.41679329155073297,18.119658119658098,0.1276074984048359,0.11783743081669135,10.089032894232686
2/14/12,10.089032894232686,7.6052116E7,-0.098346328275559,-0.014159117800333732,0.19446922556184262,0.36612037210758946,0.40633913127139193,19.487179487179468,0.13018861291085596,0.10677434690302318,10.048698196727694
2/15/12,10.048698196727694,8.3681538E7,-0.12949703564569326,-0.03722670136940564,0.1327325701276481,0.2883244381142757,0.40362736491262496,19.829059829059833,0.1386382754946851,0.1518255705283967,10.05610270589434
2/16/12,10.05610270589434,8.8765772E7,-0.15003394842120343,-0.059788150779765195,0.10130889290561186,0.2259859230447211,0.40995589110712105,19.25925925925924,0.14267155864506356,0.21069108159842112,9.869020864843906
2/17/12,9.869020864843906,8.9499064E7,-0.17558242483026376,-0.08294700558986491,0.06753926193707459,0.17317036934217228,0.38930021014146093,20.0,0.14216234243105583,0.15057627910499036,10.040422391700673
2/18/12,10.040422391700673,6.5806596E7,-0.18402544851451097,-0.10316269417479412,0.09264522224376372,0.14632865364270278,0.4163088032738504,17.85714285714287,0.15008668011582357,0.2690068932107489,9.977320910707283
2/19/12,9.977320910707283,5.4586848E7,-0.1917340801928873,-0.12087697137841277,0.09350951324187426,0.1287222735090933,0.4098355032162812,18.095238095238095,0.15397394392532765,0.27285031907801166,10.045635308720376
2/20/12,10.045635308720376,4.330375E7,-0.19399316107830522,-0.13550020931839127,0.22106983422474036,0.15950479374764231,0.4147109427656379,17.619047619047628,0.1592506804881541,0.3116659718534784,9.977345494558906
2/21/12,9.977345494558906,4.1832297E7,-0.199934114352315,-0.14838699032517602,0.1791259212291912,0.1660451695748253,0.40053019370983617,18.095238095238145,0.1632924834512431,0.2901553359182165,9.870107716469684
2/22/12,9.870107716469684,7.5763623E7,-0.21108518470258097,-0.16092662920065703,0.1194172808194608,0.1505025399897038,0.3813209500803738,20.0,0.1685423705430089,0.2576463014574461,9.696650921102815
2/23/12,9.696650921102815,1.2627472E8,-0.22459573629093477,-0.1736604506187126,0.07961152054630721,0.1268722001752383,0.36593609869581,20.0,0.1762942330184494,0.24409120450703253,9.60885848071007
2/24/12,9.60885848071007,8.6278542E7,-0.24458724267735477,-0.18784580903044104,0.05307434703087148,0.10227291579378268,0.3413434035368206,20.0,0.18498259360130948,0.2057357801028117,9.526020867313672
2/25/12,9.526020867313672,1.03421937E8,-0.25427190161056323,-0.2011310275464655,0.06501252765021134,0.08985278641259224,0.3537522629379153,18.297872340425496,0.19614877310652837,0.2659839485054313,9.955678753768783
2/26/12,9.955678753768783,1.7867503E8,-0.21827815118375327,-0.20456045227392305,0.37667501843347423,0.18546019708621958,0.48602933142724797,0.0,0.20121920846466745,0.5207938568679426,10.173938939294723
2/27/12,10.173938939294723,1.23343744E8,-0.18120865268772235,-0.19989009235668292,0.5844500122889829,0.31845680215380734,0.5031223217747056,0.0,0.18171195979199078,0.5602109415460422,9.958127415563894
2/28/12,9.958127415563894,1.08826815E8,-0.18041393275279383,-0.1959948604359051,0.5219084738011207,0.38627402603624517,0.4302937801244223,12.063492063492074,0.16240285534604104,0.35116505588785585,9.960641509379697
2/29/12,9.960641509379697,1.05005043E8,-0.16257859453878787,-0.18931160725648166,0.5807432153383127,0.45109708913693436,0.47129306331427384,6.0317460317460645,0.14132766229275642,0.4658671054073151,9.923798647083583
3/1/12,9.923798647083583,7.4320334E7,-0.15632494101455308,-0.18271427400809598,0.5564743128710444,0.48622283038163777,0.44940755969171176,9.841269841269845,0.11159062879668656,0.3641363540155631,9.940454408315594
3/2/12,9.940454408315594,5.2806428E7,-0.1520370365039465,-0.17657882650726608,0.5244220286865168,0.49895589648326416,0.4438862711696843,10.793650793650777,0.09412637667714711,0.32530915344895706,9.755170540423025
3/3/12,9.755170540423025,8.0667825E7,-0.15173127614373705,-0.1716093164345603,0.471307807484133,0.48973986681688714,0.43250005423153043,12.698412698412694,0.06352218935379236,0.18003992895377952,10.034689853518422
3/4/12,10.034689853518422,1.0937348E8,-0.13460589379720567,-0.16420863190708937,0.5288944705261447,0.5027914013866397,0.47793575833055596,6.666666666666686,0.0641790427474814,0.480690429924274,10.109725944967199
3/5/12,10.109725944967199,8.7865272E7,-0.1100819515736049,-0.1533832958403925,0.61092964701743,0.5388374832635698,0.5047664791131531,3.0508474576271145,0.062118827506000965,0.6561795937045353,10.036343878868912
3/6/12,10.036343878868912,6.0095952E7,-0.09519758713546977,-0.14174615409940797,0.6072864313449534,0.5616537992906977,0.48905748700878715,8.0,0.06364913869973982,0.5387180554501844,10.098123973690043
3/7/12,10.098123973690043,7.2153519E7,-0.08324889605561658,-0.1300467024906497,0.6521694488536249,0.5918256824783401,0.4867389230779505,8.49999999999999,0.06403305301443389,0.5207377457484011,9.97333630608616
3/8/12,9.97333630608616,6.4667334E7,-0.07932044696392815,-0.1199014513853054,0.5960699551497286,0.5932404400354696,0.4677320992512008,10.322580645161283,0.06393102300920846,0.4059295692910887,9.995220270476011
3/9/12,9.995220270476011,6.3127003E7,-0.07055234073011185,-0.11003162925426671,0.623186421712721,0.6032224339278868,0.4839259445293134,6.451612903225888,0.06395453576657233,0.4995450693484213,10.005623015185797
3/10/12,10.005623015185797,6.6994306E7,-0.06367644734771893,-0.10076059287295716,0.6305113779160064,0.6123187485905933,0.48131103000854225,7.096774193548454,0.06384535045836254,0.4854579205476472,9.971305927949786
3/11/12,9.971305927949786,6.7348057E7,-0.061552297861823035,-0.09291893387073034,0.5816312411913163,0.602089579457501,0.46777022778550387,10.322580645161283,0.06404937500604424,0.41641410353779873,9.978603053259436
3/12/12,9.978603053259436,4.7275904E7,-0.057591185895816466,-0.08585338427574757,0.4294208274608766,0.5445333287919596,0.47411090954939256,9.032258064516151,0.06373791376966383,0.45231291152535724,10.033326465575259
3/13/12,10.033326465575259,1.11647303E8,-0.04106790802050142,-0.07689628902469833,0.6196138849739178,0.5695601808526124,0.5228365109167704,0.0,0.06380450567572238,0.6830944666350929,10.17210885572592
3/14/12,10.17210885572592,1.22955149E8,-0.020474822414254135,-0.06561199570260949,0.7464092566492786,0.6285098727848345,0.5480723478192631,0.0,0.06521231372480127,0.785976897159671,10.406586702541015
3/15/12,10.406586702541015,1.5685117E8,0.00945394633610519,-0.05059880729486656,0.8309395044328525,0.6959864166675072,0.5917669966914626,0.0,0.06610186810253423,0.9850859215375513,10.311680126814153
3/16/12,10.311680126814153,9.1775245E7,0.027210629017027088,-0.03503692003248783,0.8342626999249316,0.7420785110866487,0.5675577252579913,3.1818181818181985,0.06550470618894214,0.8462045605786276,10.319379835511864
3/17/12,10.319379835511864,7.1207689E7,0.04240790884946399,-0.01954795425609747,0.8516296787378327,0.7785955669703768,0.5729064368913213,2.2727272727273076,0.06026638523955363,0.8692882031208127,10.25020651394889
3/18/12,10.25020651394889,8.2484743E7,0.037079191808217615,-0.008222525043234454,0.7041167555221914,0.7537692964876485,0.5029258582343025,11.818181818181822,0.06527940366568057,0.5212615770484437,10.199822450965218
3/19/12,10.199822450965218,6.3230983E7,0.036470320145609136,7.160439945342644E-4,0.643653594590551,0.7170640625219493,0.5179469867689206,9.545454545454595,0.06427118024381921,0.588927238386005,10.273694515410451
3/20/12,10.273694515410451,6.9546991E7,0.042757154938202646,0.00912426618326794,0.667197634488938,0.7004419198442788,0.5444937432653582,5.454545454545506,0.061652461041174965,0.713805489344105,10.419276228410295
3/21/12,10.419276228410295,1.11377099E8,0.06793621746871636,0.020886656440357625,0.7781317563259587,0.7263385320048388,0.6108298850770763,0.0,0.06358722864770038,1.0497850282350254,10.563551997182039
3/22/12,10.563551997182039,9.1459014E7,0.08449603891035729,0.03360853293435756,0.8270878375506383,0.7599216338534387,0.6000270481503359,1.5000000000000555,0.0717300243170575,0.9026077818654348,10.536394270017675
3/23/12,10.536394270017675,8.9454796E7,0.09810278176166776,0.046507382699819605,0.8763918917004243,0.7987450531357673,0.605016677281312,0.5000000000000777,0.07504132237731821,0.8706856839822636,10.55162237081303
3/24/12,10.55162237081303,1.018756E8,0.10206130927466894,0.05761816801478948,0.850927927800283,0.8161393446906059,0.5779783106622435,4.0,0.07481872463675222,0.7533274656146677,9.900949906408632
3/25/12,9.900949906408632,8.318609E7,0.053743217619333095,0.05684317793569821,0.5672852852001887,0.7331879915271335,0.40391455709440666,20.0,0.07648917931943686,-0.0030754097235979397,9.758836917888384
3/26/12,9.758836917888384,6.0164557E7,0.007297496605959353,0.04693404166975044,0.37819019013345917,0.6148553910625755,0.38423495347117315,20.0,0.08325891575091149,-0.02676093816205916,9.667381002595338
3/27/12,9.667381002595338,5.6405768E7,-0.036354250588065185,0.030276383218187316,0.25212679342230615,0.49394585851581907,0.3669928526415968,20.0,0.09216734459705353,-0.01986581280281354,9.51168222276141
3/28/12,9.51168222276141,7.2417597E7,-0.08609445992140863,0.007002214590268129,0.1680845289482041,0.38532541532661413,0.3315673678610966,20.0,0.10342826489013754,-0.09559435281736493,9.427330620178864
3/29/12,9.427330620178864,7.2344081E7,-0.13206078392991039,-0.020810385113767572,0.11205635263213609,0.2942357277617882,0.31526441129173205,20.0,0.12072647559723468,-0.039756011053056,9.014103044294028
3/30/12,9.014103044294028,1.27820275E8,-0.19289410577212784,-0.05522712924543963,0.07470423508809074,0.2210585635372224,0.26857326538269083,20.0,0.14039552836084274,-0.1385306220392381,9.022243270232382
3/31/12,9.022243270232382,7.7530686E7,-0.23835731683629113,-0.09185316676360994,0.0498028233920605,0.16397331682216845,0.2685732653826909,20.0,0.1715930953732009,0.023247104513487313,9.015218441725574
4/1/12,9.015218441725574,5.2039165E7,-0.27205803984284493,-0.12789414137945693,0.03320188226137367,0.12038283863523688,0.26719668001453944,20.0,0.19646729772492466,0.11554347821798605,9.06478195795742
4/2/12,9.06478195795742,4.0358845E7,-0.2905750388953532,-0.1604303208826362,0.04623097371641799,0.09566555032896393,0.2905722920143958,19.178082191780817,0.21749208073835793,0.20947430178165646,8.910300955708497
4/3/12,8.910300955708497,5.3104791E7,-0.3161302371399639,-0.19157030413410175,0.030820649144278664,0.07405058326740217,0.2635499504744768,20.0,0.23278788393463357,0.17966098501819996,8.569744782186369
4/4/12,8.569744782186369,1.3757151E8,-0.370042369814346,-0.22726471727015063,0.02054709942951911,0.056216088654774496,0.2091383964574919,20.0,0.2509411453147964,0.04943541059262034,8.337393647602955
4/5/12,8.337393647602955,1.4744261E8,-0.41923230430493774,-0.2656582346771081,0.013698066286346075,0.04204341453196503,0.1962100539543921,20.0,0.2797242544782118,0.08149961532807784,7.769358793132306
