DATE_0,VWAP_0,VOLUME_0,MACD_DIFF_0,KDJ_J_0,RSI_0,WR_0,BOLL_BANDWIDTH_0,BOLL_PERCENT_0,OUTPUTVWAP_0
1/3/11,9.510001849661945,8.8189088E7,-0.07363902886300575,-0.2070253306516539,0.46471014624160173,20.0,0.05546276036808016,-0.27190067961817665,9.445193696355968
1/4/11,9.445193696355968,4.512501E7,-0.0824096295923322,-0.17588001454661759,0.4640120512286526,20.0,0.07037868918076821,-0.06578223712358856,9.385583313767444
1/5/11,9.385583313767444,4.821316E7,-0.08571493246359835,-0.14249542799475504,0.4617823116013677,20.0,0.08232646615779998,0.026853724233952596,9.228735749132806
1/6/11,9.228735749132806,6.5663811E7,-0.0941605343446207,-0.11182500863895448,0.44869158634547157,20.0,0.09326621438482499,-0.04960845030598937,9.371508871922433
1/7/11,9.371508871922433,9.548776E7,-0.08283445041384861,0.13645351203461847,0.46586912385178536,15.384615384615389,0.10992039893578295,0.22968977345104058,9.356987002197371
1/8/11,9.356987002197371,4.4930056E7,-0.07611338501698135,0.16660985808333773,0.4590580653215065,16.825396825396833,0.11677236047702585,0.20473466425598658,9.206241761752716
1/9/11,9.206241761752716,4.1364988E7,-0.07118115430030661,0.11497576902453721,0.45372753634777563,18.709677419354865,0.1219116774075076,0.19681160188634708,9.239165860028013
1/10/11,9.239165860028013,3.1523822E7,-0.06363739011180602,0.09177943266670122,0.4537275363477756,18.431372549019642,0.12777813747102398,0.23735620614105135,9.335944313013457
1/11/11,9.335944313013457,3.0410552E7,-0.05343082816027768,0.23793890176691568,0.4561440639015089,17.500000000000046,0.1337945113970428,0.28653091510659573,9.05720071105574
1/12/11,9.05720071105574,7.1952165E7,-0.05919931056633693,0.08598481958338863,0.43063109139502237,20.0,0.13786758929975185,0.1389420075082895,8.840501526199548
1/13/11,8.840501526199548,9.8624718E7,-0.07773420389531671,0.008895803103666777,0.40174095385948916,20.0,0.1428951210004854,-0.019082408083726504,8.732613685463074
1/14/11,8.732613685463074,1.10925176E8,-0.0750422624740783,0.13616632511940147,0.42115761517713246,15.820895522388096,0.15879638264426876,0.1600552472054943,8.993751799145064
1/15/11,8.993751799145064,6.7295852E7,-0.06539759816714968,0.24725315118443886,0.42685200556041986,14.626865671641799,0.1678692208721586,0.23077257075140353,9.005165525934265
1/16/11,9.005165525934265,7.4782511E7,-0.042178987164673165,0.5778069693003076,0.4541791269418694,8.955223880597037,0.16880940050744495,0.3665803728605553,9.067317871009001
1/17/11,9.067317871009001,5.116264E7,-0.028166105449071,0.6666823311823304,0.44578908367147074,9.830508474576305,0.15891303625291026,0.3284694870167981,9.218814500186344
1/18/11,9.218814500186344,8.9493443E7,0.0055716634963882405,1.0462480915843853,0.4943953425644326,0.0,0.14621017126847888,0.5579152382640884,9.399761446716784
1/19/11,9.399761446716784,9.2194078E7,0.02691696210331429,1.1854997526981452,0.49167757803926254,0.6249999999999879,0.13087041063690968,0.5436337282513081,9.32670955281297
1/20/11,9.32670955281297,4.4535594E7,0.03612371216742788,1.138236629560022,0.48174670397854136,2.812500000000001,0.11960092804175047,0.48623703171507193,9.193769334448628
1/21/11,9.193769334448628,4.0832235E7,0.03141369912518202,0.8918017271030754,0.45904056447740427,7.812500000000015,0.10638111534125848,0.3393167493411194,9.005234962077418
1/22/11,9.005234962077418,5.5545006E7,0.02198529690139045,0.5102693563329805,0.44499551027005985,10.937500000000009,0.0962006108388109,0.23717564224700963,9.021425055334634
1/23/11,9.021425055334634,4.276255E7,0.013872703063514513,0.20236030654309056,0.4392358960591348,15.599999999999952,0.08570716266462092,0.18657902880231023,9.09985871237851
1/24/11,9.09985871237851,4.8210876E7,0.022294728624693783,0.3404384849630975,0.47559692956955074,8.260869565217387,0.08441907862609212,0.4443595895153007,9.202879318449751
1/25/11,9.202879318449751,5.3322202E7,0.022719076734495275,0.26141596336754214,0.46273772413719666,13.846153846153868,0.08072004755225598,0.34994071022289897,9.37873028897822
1/26/11,9.37873028897822,1.2103888E8,0.0474127345140663,0.7698981971560306,0.5277248091888251,0.0,0.07714182600765261,0.8408199311539304,9.426895332989591
1/27/11,9.426895332989591,6.1998169E7,0.060388314335214466,0.9903460569335782,0.5241495662042917,0.799999999999983,0.08311918928657855,0.7620154967053959,9.211580610932973
1/28/11,9.211580610932973,7.5330948E7,0.04860879879730154,0.6493955438420893,0.4757978608863756,12.000000000000028,0.0850202216389657,0.4098515001192999,9.27909750597019
1/29/11,9.27909750597019,4.9166774E7,0.0403271039655633,0.4857069220411947,0.47764173060270115,11.600000000000037,0.08356613495065507,0.42867673255232375,9.260732958930204
1/30/11,9.260732958930204,3.4349428E7,0.040323591632654074,0.5612112099028861,0.4966130113896802,7.600000000000051,0.08291990764506416,0.5529642294231911,9.367734273079394
1/31/11,9.367734273079394,5.8506018E7,0.044140608938952566,0.7257452034077612,0.5118104319802793,4.400000000000048,0.08324927761442423,0.6415553500168272,9.277480312856948
2/1/11,9.277480312856948,3.2039819E7,0.03984073426530542,0.5871219556979543,0.4957737452913837,7.600000000000051,0.08497273426663414,0.533486269930473,9.16295190421978
2/2/11,9.16295190421978,3.0840689E7,0.026758890563153503,0.2292816984803756,0.4682633428274173,17.368421052631547,0.08511495252666716,0.36944615609178133,9.129059527680168
2/3/11,9.129059527680168,4.2139539E7,0.015179228129941082,-0.04295345835976083,0.46044196089713146,19.47368421052633,0.07356620102225124,0.30989038968435206,9.22235270590276
2/4/11,9.22235270590276,4.0598521E7,0.019153418361781582,0.24082574508459398,0.5006552467210601,10.270270270270311,0.06707154419578544,0.5741066724538493,9.270094127294453
2/5/11,9.270094127294453,2.841365E7,0.019222764580393695,0.4460522252446062,0.4940795728615143,11.428571428571443,0.06109415862775073,0.5255436161031599,9.310840859494494
2/6/11,9.310840859494494,3.8055811E7,0.021264418875936254,0.6714633196047868,0.5033973535169558,5.384615384615274,0.060047180280865774,0.5886521844804604,9.155457098700893
2/7/11,9.155457098700893,2.7627217E7,0.012261428734972782,0.3295176251762999,0.46871313727514863,16.92307692307685,0.05723193044535495,0.32763961329029734,9.05214764858837
2/8/11,9.05214764858837,5.0592099E7,0.003161641156897113,0.0383645889577231,0.45745639737648525,20.0,0.0563332145074703,0.2543108799663312,9.031121221874871
2/9/11,9.031121221874871,5.6765027E7,-0.011910763679449397,-0.09529949257916936,0.42467365343842983,20.0,0.05633812344280413,0.015286719976878162,9.004678376422916
2/10/11,9.004678376422916,4.222405E7,-0.01842224241006149,-0.0774502518645448,0.4333749621307784,18.285714285714228,0.06134654377123768,0.14452554524214367,8.819042935406852
2/11/11,8.819042935406852,4.1510239E7,-0.031948100782173916,-0.11805452959373242,0.3969271080589147,20.0,0.06465949612082031,-0.0664352261395178,8.834646759523679
2/12/11,8.834646759523679,3.4551618E7,-0.035048686352174035,-0.04361862593121241,0.41249759176484363,17.959183673469433,0.07281533246639779,0.11169727334340554,9.026897992888895
2/13/11,9.026897992888895,7.0353056E7,-0.019885312548854797,0.37072774547124443,0.4788173997753478,8.571428571428603,0.07682027538183,0.46407941841520284,8.9150382395237
2/14/11,8.9150382395237,5.3791988E7,-0.02593284121223438,0.1486103515183892,0.4192863567589384,19.591836734693885,0.07748388963774935,0.12073134302796637,8.69119025422252
2/15/11,8.69119025422252,5.4164832E7,-0.03341164549469884,0.019773806304873243,0.40146018774540293,20.0,0.08462458548886947,0.07833873811434731,8.5314981165376
2/16/11,8.5314981165376,8.174838E7,-0.054082875193131624,-0.03968397004611979,0.3500761193831601,20.0,0.08797927652559058,-0.20090214394751862,8.52139479846413
2/17/11,8.52139479846413,4.0252611E7,-0.058203440119220407,0.03402617730728122,0.37376678771161514,17.575757575757574,0.10364728803578263,0.03702523367809729,8.489295464690018
2/18/11,8.489295464690018,4.2407399E7,-0.06245070761895341,-0.019045725621076037,0.35803576441079205,20.0,0.11639958092483184,0.04633334511730842,8.441754607014289
2/19/11,8.441754607014289,4.3757787E7,-0.05939246024151257,-0.016948022728981132,0.36440500195779707,19.39393939393941,0.12989770285541144,0.1461402987868884,8.527770203162833
2/20/11,8.527770203162833,6.0468787E7,-0.04731297215345423,0.09529501273166813,0.3934211407544726,16.666666666666686,0.1371770534160168,0.2630422888496819,8.46064814600668
2/21/11,8.46064814600668,3.2428434E7,-0.043506245452179654,0.02348136041066079,0.3693342526100465,20.0,0.1364810557255036,0.1930460622221282,8.642778570677688
2/22/11,8.642778570677688,5.9130344E7,-0.027754351457556503,0.2806218082223623,0.4171278320050712,15.522388059701482,0.13921560135481,0.33828008899042245,8.802743432547734
2/23/11,8.802743432547734,8.9412222E7,0.0030183557456195387,0.8915040285584113,0.4938436619898152,0.0,0.13889570061541961,0.5613234643489974,8.849397738090369
2/24/11,8.849397738090369,5.1298778E7,0.02499318946944054,1.1750623455346094,0.49889119181632297,0.0,0.13589698593286142,0.5718074046902228,8.799085220746749
2/25/11,8.799085220746749,4.0504198E7,0.03641570508057809,1.2125010899954953,0.4884533543491174,1.7777777777777426,0.1271452201308655,0.5370190109529022,8.929591414064816
2/26/11,8.929591414064816,4.6009758E7,0.048838742526190054,1.264788559015648,0.5130154607638382,0.0,0.11794314298945613,0.614500205188058,8.808821592250329
2/27/11,8.808821592250329,4.1115344E7,0.0464482754719841,1.0408287053561982,0.4750030417650328,5.600000000000023,0.1062738016308388,0.47954157412321163,8.830065244429171
2/28/11,8.830065244429171,3.6188377E7,0.04755597076381793,0.9989766920235326,0.49227763333275415,3.200000000000003,0.09847362524423585,0.5426556225271467,8.748297396752427
3/1/11,8.748297396752427,5.0658455E7,0.03984078669994856,0.7916006092064005,0.46239177333695486,7.59999999999998,0.09210764388456338,0.4184523370247674,8.885578016978073
3/2/11,8.885578016978073,5.9306969E7,0.044139999499783006,0.909255615820298,0.5088595485261895,1.1999999999999744,0.08924621571820301,0.6081495509697348,9.103197292076723
3/3/11,9.103197292076723,9.4932084E7,0.06266357068964025,1.0287722963670753,0.5752395226574909,0.0,0.08666607948876208,0.9192772456770043,9.171735610210044
3/4/11,9.171735610210044,6.6314936E7,0.0717580657523187,1.0786938992359678,0.5752395226574909,0.0,0.09636912605489707,0.8399746001892865,9.222160400448494
3/5/11,9.222160400448494,6.8454846E7,0.07557865224025485,1.0921375117070349,0.5800657233413548,0.0,0.10408950192390712,0.8033700374502151,9.265170290757256
3/6/11,9.265170290757256,4.5585827E7,0.0795501743418271,1.0878749492822828,0.5995649152357418,0.0,0.10695050226693939,0.8418646287477356,9.402495097315176
3/7/11,9.402495097315176,8.2502754E7,0.08577950182476117,1.0762165938399177,0.6273725836462322,0.0,0.11709560848180516,0.8844682831254445,9.231164080339619
3/8/11,9.231164080339619,5.0778832E7,0.07439479499645166,0.8591477886867387,0.567549711483056,5.2307692307692255,0.13033164556091337,0.6805984411327596,9.222433150902093
3/9/11,9.222433150902093,5.7198902E7,0.06133166999483779,0.7133657449184216,0.5574984415004237,6.1538461538461835,0.12977511279962278,0.6405849408994553,9.19325881974714
3/10/11,9.19325881974714,5.9397848E7,0.06116325771660515,0.8538041494126289,0.6027277300988908,0.6153846153846566,0.12850408812095182,0.7680506658358682,9.314317444133493
3/11/11,9.314317444133493,8.4349601E7,0.04980112742951174,0.46472659087956547,0.5617172654814664,5.714285714285735,0.12748442916791308,0.6500373000353081,9.301584619604041
3/12/11,9.301584619604041,4.2565042E7,0.0440304624797114,0.5280457315348182,0.5795953523307037,6.363636363636371,0.12075715383018047,0.7006437536604377,9.211356226949182
3/13/11,9.211356226949182,3.2870037E7,0.02920304037691232,0.04297036933227405,0.5360834921975082,18.181818181818226,0.11670843669595386,0.5768874801803324,9.200795145952137
3/14/11,9.200795145952137,3.1693301E7,0.019620562891576987,-0.06072649935021679,0.5445377649370015,16.999999999999904,0.10137550495346793,0.6093865577551947,9.22934088428182
3/15/11,9.22934088428182,2.7951632E7,0.015697655067946223,0.1499333922742503,0.5616554585829749,11.000000000000062,0.09021757350822547,0.6769689575543641,9.148634180985367
3/16/11,9.148634180985367,4.6636157E7,-0.0023770228255541037,-0.07309925503423453,0.4893969796703155,20.0,0.0890479403643097,0.41717259027158626,9.104864030618213
3/17/11,9.104864030618213,2.5261827E7,-0.012414417881076764,-0.08883391940767982,0.4988175348201694,18.06451612903229,0.08626474231916031,0.4571375290885708,9.205651242619949
3/18/11,9.205651242619949,4.2296963E7,-0.010477961575683814,0.25096089464010407,0.5383615204699336,9.677419354838658,0.08164605195382318,0.6169775677167968,9.168537606762198
3/19/11,9.168537606762198,3.0013432E7,-0.011324984265610988,0.4188991355292825,0.5280598222630597,11.61290322580648,0.0794624403820561,0.5712604495822725,8.997773980205825
3/20/11,8.997773980205825,6.4028631E7,-0.02852448608392251,0.1136606719767771,0.4483880998147921,20.0,0.0712509116774466,0.20959111594344715,8.891377370872702
3/21/11,8.891377370872702,3.2007465E7,-0.042243232876367706,-0.034629830932867256,0.43226271870439364,20.0,0.0683749299768212,0.13809184625595197,8.80498116101796
3/22/11,8.80498116101796,3.681993E7,-0.05296486960336443,-0.09668896212239059,0.4162248327620159,20.0,0.0614379411728123,0.03694549691782255,8.71274890839459
3/23/11,8.71274890839459,3.2355327E7,-0.06112521223959515,-0.11352758019302425,0.40031151813194404,20.0,0.06603440354482341,0.017836748833747237,8.74145388022457
3/24/11,8.74145388022457,3.0669913E7,-0.06264585352464123,-0.09184877151266291,0.4043779676866867,19.62264150943397,0.07772336343402016,0.14120924367170673,8.677299413873167
3/25/11,8.677299413873167,2.6370231E7,-0.0642495980013523,-0.08619272353866002,0.3874867480254209,20.0,0.08658537392048994,0.13775800345086306,8.6931323800111
3/26/11,8.6931323800111,2.4460075E7,-0.06120768471564914,-0.05914469019976523,0.3920217091617005,19.615384615384624,0.09601138507737784,0.21411401077108072,8.651687044480486
3/27/11,8.651687044480486,2.1366538E7,-0.06101751031585825,-0.053372222625239496,0.36862797344030085,20.0,0.10202892538151298,0.17617040368686254,8.612892521902046
3/28/11,8.612892521902046,2.3967739E7,-0.0586565887810335,-0.04487643452264589,0.3628284274053095,20.0,0.1058501255154404,0.19739467001979014,8.681935825082693
3/29/11,8.681935825082693,2.596061E7,-0.04535250860093336,0.35277463069213677,0.42574787517130813,11.87499999999996,0.11215245083658446,0.35940720550780214,8.55331688793069
3/30/11,8.55331688793069,4.4971839E7,-0.04875788188656725,0.15697792293291166,0.3586189813932791,20.0,0.113872503790859,0.167369278954666,8.840283880763863
3/31/11,8.840283880763863,8.9049077E7,-0.02788523405680772,0.8302929502695993,0.4775731289923083,0.0,0.11570804365277818,0.4781913592694488,8.788140979793202
4/1/11,8.788140979793202,3.8638133E7,-0.013247867957632706,1.123310806654516,0.47453133420863525,0.6451612903225659,0.11172297085016888,0.47038532080769074,8.819462748891649
4/2/11,8.819462748891649,4.0188321E7,-0.0026175993587060353,1.236255534917741,0.4745313342086352,0.6451612903225659,0.10412890016855149,0.4712426141611581,8.779373006476288
4/3/11,8.779373006476288,2.6440305E7,4.825714829888583E-4,1.0809911073987082,0.451426565393112,5.1612903225806415,0.09984975384238606,0.40090109649084626,8.776335763346841
4/4/11,8.776335763346841,2.3350899E7,0.006357526634471394,1.0997598767832215,0.4711334520074239,1.9354838709678122,0.0939742546531528,0.4593131016272852,8.752295561102775
4/5/11,8.752295561102775,2.1909676E7,0.01045831469780073,1.0862644331394926,0.47113345200742396,1.9354838709678122,0.08285888809332348,0.45823457991072386,8.711451853357728
4/6/11,8.711451853357728,2.9514E7,0.008102869394985168,0.8592119871210455,0.4419710370618918,7.096774193548454,0.07937543952842975,0.35688350190806056,8.687081859654874
4/7/11,8.687081859654874,2.3035328E7,0.004358496905571316,0.6341579551961734,0.4277857197761489,9.677419354838717,0.07461578904924934,0.3068446633429844,8.658710160862933
4/8/11,8.658710160862933,4.7600711E7,-0.0026227824920222464,0.11958592448016825,0.4002575110077733,14.83870967741936,0.06097286974571162,0.15025092474435606,8.60443807864955
4/9/11,8.60443807864955,2.7334982E7,-0.004879177994716821,-0.05169301007322824,0.41041994379983543,18.260869565217433,0.044805667509796566,0.11474710717797029,8.545521884080001
4/10/11,8.545521884080001,4.1518789E7,-0.01234099949022198,-0.18267937380599386,0.3731590896249502,20.0,0.04179337939868229,-0.14764411736083285,8.546534820361197
4/11/11,8.546534820361197,3.7730295E7,-0.0073299531888848385,0.12806117656708105,0.4377895372819435,11.61290322580653,0.04430676333415232,0.2512043104448133,8.498243862321846
4/12/11,8.498243862321846,4.5264959E7,-0.003681608808030201,0.2749275739725652,0.43410069418804903,11.724137931034512,0.04342756027952675,0.24614492467485663,8.644013880094914
4/13/11,8.644013880094914,3.8376971E7,-0.0017084173390445184,0.30199118490678756,0.42640164846812934,13.103448275862073,0.043664256943331,0.22361448440105083,8.638366958750074
4/14/11,8.638366958750074,4.163765E7,-0.0034374299434791616,0.19872797100923578,0.40340461793373206,17.24137931034488,0.043879028617313305,0.10816695204972822,8.515248506391524
4/15/11,8.515248506391524,4.2682705E7,-0.003559380212517199,0.18677473257288146,0.403404617933732,16.190476190476254,0.0460534697609503,0.1616690435222964,8.549573562279905
4/16/11,8.549573562279905,2.3263186E7,-0.002021372923411896,0.30299198814032957,0.40949787565590773,14.117647058823652,0.047751883891630716,0.22626871551060496,8.489698043985284
4/17/11,8.489698043985284,3.1788769E7,-0.00462436726675694,0.06456806885557254,0.38036200181514007,20.0,0.049105247815810715,0.10932656218867812,8.459250894493815
4/18/11,8.459250894493815,3.1075676E7,-0.007123161522944843,-0.04857234736604976,0.3683283355356041,20.0,0.05226855246263143,0.10694337189160853,8.357555058257773
4/19/11,8.357555058257773,4.2011046E7,-0.011323949047775672,-0.0934600493127653,0.3449431115180485,20.0,0.05533561754107423,0.04905955200356455,8.334514915661686
4/20/11,8.334514915661686,4.0055045E7,-0.014430961271767198,-0.10302568914322047,0.33359662806710016,20.0,0.05968402591822492,0.06764529072249746,8.46202946518409
4/21/11,8.46202946518409,5.298253E7,-0.005807647683443093,0.3578739178739735,0.4277190513871636,9.230769230769178,0.06224732850970483,0.3622172922720014,8.48590198658364
4/22/11,8.48590198658364,3.4201379E7,-0.0043106907138347195,0.3796795652055611,0.39367660979151936,14.999999999999963,0.05935651152395576,0.22640210617835613,8.664743566691817
4/23/11,8.664743566691817,1.32116203E8,0.013072608387437956,0.9144358076517285,0.5171919925454991,0.0,0.05700040246119634,0.68763157876017,8.693026447778017
4/24/11,8.693026447778017,6.1778687E7,0.02798492309780337,1.161612381222055,0.5421736223890631,0.0,0.054910728527623694,0.7912446308040411,8.87775031746245
4/25/11,8.87775031746245,8.0136249E7,0.051990140670994,1.2535117048953053,0.6252709224835026,0.0,0.052037103215211114,1.2616166148023544,8.98840271831401
4/26/11,8.98840271831401,7.2004632E7,0.07265960472264017,1.2661878815394938,0.6584785128506377,0.0,0.061528616354090945,1.2837562586470568,9.02062755042477
4/27/11,9.02062755042477,4.9261157E7,0.07786379356896622,1.1666280225930163,0.6239219717044158,1.9444444444444506,0.07871109941479093,0.9595668221376529,9.113721017089611
4/28/11,9.113721017089611,6.0486981E7,0.08313519422498131,1.1686797864768397,0.6492768093889426,0.0,0.08855464287805342,0.9733471567691219,9.072456199991919
4/29/11,9.072456199991919,5.6725332E7,0.07904843154960581,1.0936599405552292,0.6242263503152384,1.3513513513513702,0.10074321789798578,0.8238654303768055,9.039988024227073
4/30/11,9.039988024227073,3.310016E7,0.06785386760665284,0.9616758326329538,0.5900767548340179,3.529411764705861,0.10851226537718059,0.7048915892434199,9.002485926499393
5/1/11,9.002485926499393,9.7357263E7,0.07178175552580382,1.0249215287540312,0.6562751443212479,0.0,0.11117013579762779,0.8924553654914491,9.111629856581649
5/2/11,9.111629856581649,5.8089289E7,0.059929702896608136,0.7962934143113634,0.5857690483570177,5.818181818181834,0.12229101821331058,0.6880501375777757,9.159830719450204
5/3/11,9.159830719450204,6.8645571E7,0.05909345392958673,0.9350020589099586,0.6285282622583445,0.0,0.12581221562208778,0.7944340719849711,9.294321172539407
5/4/11,9.294321172539407,9.5052703E7,0.06889990873329921,1.003872338852672,0.6775624220098875,0.0,0.132556524508912,0.9196316340197674,9.29670783092367
5/5/11,9.29670783092367,7.1883155E7,0.05790247787942551,0.6883720799423474,0.6003719192587956,8.888888888888872,0.1449487178377393,0.7066568716639492,9.213915287412872
5/6/11,9.213915287412872,3.5464104E7,0.04707363933534785,0.5333923510503371,0.6003719192587957,8.888888888888872,0.14736381000254184,0.6833878217529447,9.148446192140172
5/7/11,9.148446192140172,3.9647888E7,0.027876373514626643,0.22499974117915822,0.5500198409821004,15.111111111111128,0.14861519507796517,0.5695095592404148,9.278920335527593
5/8/11,9.278920335527593,8.7973331E7,0.0337328814586558,0.6431833013523094,0.6266937282503795,0.8888888888888713,0.14360270787911467,0.7881601862025632,9.419730283050926
5/9/11,9.419730283050926,9.7135312E7,0.03703977167308056,0.8983185909086377,0.6350227340986248,0.0,0.1429462036825835,0.7887022110329555,9.406012417932056
5/10/11,9.406012417932056,6.3691281E7,0.03274724736386464,0.9257877650549375,0.616597917620404,2.4999999999999445,0.1380034481639326,0.7336086529368463,9.2611943141773
5/11/11,9.2611943141773,5.1391402E7,0.017460174491111174,0.5974766586817553,0.5639990108638627,9.999999999999956,0.1261368761028274,0.6127987459566728,9.379022798205286
5/12/11,9.379022798205286,6.4270717E7,0.019017868904076363,0.8666557974771827,0.613459754451198,0.0,0.11349140528226637,0.7961373270346174,9.415594436026328
5/13/11,9.415594436026328,5.0273854E7,0.014415942036519025,0.8960018876725822,0.5962060066055078,2.7027027027026507,0.09585422950857758,0.7649036890316174,9.395880947798778
5/14/11,9.395880947798778,5.1836488E7,0.007438020921150756,0.8425218621621706,0.5856177112555979,4.324324324324337,0.08521639621967222,0.7343552516737415,9.275723511322008
5/15/11,9.275723511322008,4.9204966E7,-0.005147522424224504,0.6020162985719568,0.5506893397196074,9.729729729729735,0.07306235903915724,0.6124112422197202,9.185298128695047
5/16/11,9.185298128695047,5.3024869E7,-0.01929997424568819,0.08589189479263526,0.5239056486887606,14.054054054054072,0.06846517387995116,0.4935529722538866,9.216626931634678
5/17/11,9.216626931634678,5.506476E7,-0.025990530830196257,-0.03338215331701133,0.5359954516384262,16.92307692307685,0.0667864414086173,0.5529391018924434,9.210052444540048
5/18/11,9.210052444540048,4.7501799E7,-0.03269956143763886,-0.18524781578351346,0.5217985910028128,20.0,0.06268352739737981,0.488258595860592,9.26126885249012
5/19/11,9.26126885249012,4.1743292E7,-0.031974000799265156,-0.022758865724302635,0.5444238454097834,14.615384615384588,0.061030910272160545,0.6018583530971462,9.339206718862826
5/20/11,9.339206718862826,5.7740009E7,-0.03102097873931671,0.0819017381859104,0.5444238454097834,14.615384615384588,0.057364628358324087,0.5979895068715397,9.259778415827384
5/21/11,9.259778415827384,4.2757386E7,-0.028628290896363998,0.27316352286038836,0.5513855293187039,13.076923076923082,0.049592064901125374,0.6420725330576581,9.278734020898542
5/22/11,9.278734020898542,8.144779E7,-0.024117074139826236,0.6038313673008951,0.5656096904528869,7.619047619047595,0.048996456497568425,0.7100316639195777,9.326031388701676
5/23/11,9.326031388701676,8.7754888E7,-0.020374052163970924,0.9799987758706467,0.569267860550731,4.444444444444357,0.04297129919262107,0.7392377785718007,9.410770916843388
5/24/11,9.410770916843388,1.28341832E8,-0.006413295756136708,1.1494066490271315,0.6294498438925851,0.0,0.041999522162718066,1.139525816144881,9.524881948515528
5/25/11,9.524881948515528,1.26664015E8,-1.6719948010754382E-4,1.1351816316492225,0.6141273440453443,1.8749999999999585,0.04507114466351089,0.9730950864871906,9.613012044935573
5/26/11,9.613012044935573,1.3612111E8,0.0143181570782792,1.1763392204091256,0.6663411777621727,0.0,0.0470338491235316,1.2801875033484191,9.584463621332471
5/27/11,9.584463621332471,7.7757837E7,0.014030442912399077,0.9417049020347337,0.6076137308124375,5.10638297872344,0.055841678732446685,0.8850164357195835,9.546273630090385
5/28/11,9.546273630090385,4.6237868E7,0.012762654749321367,0.8300113269755922,0.6106773593537386,5.499999999999967,0.05269956860293251,0.8866696469607442,9.61778540897043
5/29/11,9.61778540897043,7.4013187E7,0.019214242366919265,0.9825907017297955,0.6514928697884058,0.0,0.05531773445961184,1.0760032906635748,9.659279735017842
5/30/11,9.659279735017842,6.6098035E7,0.014167773191614677,0.8211068924193445,0.5986578218510524,5.3658536585365555,0.06253190537492427,0.7909819310674877,9.505130397059299
5/31/11,9.505130397059299,6.8450355E7,2.322678904820713E-4,0.427288063865068,0.5390454505611365,13.513513513513542,0.06519278791735164,0.5460053173774919,9.3900004810362
6/1/11,9.3900004810362,5.1077237E7,-0.015992013662655125,0.001077318152234552,0.5008754088790974,19.444444444444457,0.06369696710381846,0.39160352281910593,9.430110793369119
6/2/11,9.430110793369119,5.4828552E7,-0.018724017107342228,0.07819728470739595,0.542524854278399,13.142857142857078,0.06369658329058805,0.5831156741258524,9.457251145383628
6/3/11,9.457251145383628,4.7510501E7,-0.01983337308499694,0.1641016985263286,0.5459080415921076,12.57142857142852,0.06394655460043497,0.5898870607789221,9.37360491415018
6/4/11,9.37360491415018,5.2784386E7,-0.02620409290537898,0.025317757212770187,0.5095694840239332,17.71428571428566,0.06425146657799485,0.4463247187822424,9.474645105050207
6/5/11,9.474645105050207,6.143015E7,-0.023991666077271864,0.17352133408151604,0.542218468938053,12.57142857142852,0.06296197718917604,0.5877936399000039,9.476727114933482
6/6/11,9.476727114933482,9.9280321E7,-0.02922431918679233,0.01693483906173998,0.49873948841285126,18.85714285714288,0.05948976958930694,0.406378586272594,9.360758726553259
6/7/11,9.360758726553259,7.0673894E7,-0.042611551537662676,-0.09263604560470234,0.4402801838314051,20.0,0.05698977561876713,0.1239951596098213,9.26235541295468
6/8/11,9.26235541295468,7.2584563E7,-0.045632952311925185,0.03562534405517981,0.46403658169272,16.923076923076902,0.05707152105261653,0.26123497304128085,9.285566331918691
6/9/11,9.285566331918691,5.0228036E7,-0.04380938703789814,0.195814891707407,0.47595213169976275,13.571428571428608,0.05740401322693133,0.33548353343231585,9.170430256391747
6/10/11,9.170430256391747,6.2725576E7,-0.051070190882924735,0.030967321744083065,0.4223027406847388,20.0,0.057042524345532204,0.07825713286214231,9.092089854331439
6/11/11,9.092089854331439,5.186706E7,-0.055869759009254935,-0.04573907843340347,0.40992589141169744,20.0,0.0627268693383118,0.09015522989134747,9.113590453615188
6/12/11,9.113590453615188,3.8651197E7,-0.05364231938958568,0.005023387752391972,0.4278909341742442,17.948717948717995,0.07003714538057933,0.22277275252860376,9.07119700872576
6/13/11,9.07119700872576,3.5268448E7,-0.053386758201172876,-0.04134973873580938,0.40793083419794574,20.0,0.07501481353109352,0.18723977160260877,9.10999986970529
6/14/11,9.10999986970529,3.3692849E7,-0.04596255363436244,0.1241158797215628,0.44055199206240636,16.585365853658523,0.0806363409742322,0.3211396621572966,9.123594595862045
6/15/11,9.123594595862045,2.729464E7,-0.039435026497392146,0.24043115785476216,0.43686780097444355,16.00000000000007,0.08323995133738382,0.33125313716296184,9.05999399935366
6/16/11,9.05999399935366,4.3565307E7,-0.042656295692863624,0.08359408211192054,0.38510911326580805,20.0,0.08069672205608378,0.15971614281168345,8.928626906239463
6/17/11,8.928626906239463,4.8391415E7,-0.04853095179256896,0.00460048376933303,0.3550615773755375,20.0,0.08504112564509063,0.09100958110220736,8.921972501558304
6/18/11,8.921972501558304,5.0587012E7,-0.045439302152282764,0.14846823246321483,0.3858652981781376,17.073170731707293,0.09085980217636039,0.21791477520260175,8.871732123955729
6/19/11,8.871732123955729,7.6352001E7,-0.04061530963126003,0.22155400947227522,0.3858652981781376,15.384615384615374,0.08615729261111604,0.2301914018009375,8.899732705772001
6/20/11,8.899732705772001,5.6682481E7,-0.034227652668414515,0.2849750204238263,0.39142655716047486,14.615384615384626,0.08337611943914898,0.25910572086401995,8.877099652081977
6/21/11,8.877099652081977,3.4889828E7,-0.03413670393571208,0.10201106575691138,0.35680812167673415,20.0,0.0833918102952773,0.16216825191581433,8.839749485015616
6/22/11,8.839749485015616,4.5147E7,-0.026432193676412266,0.22391857668291648,0.4021308944486381,14.482758620689667,0.08757251190089932,0.29942893183340125,8.896338596109954
6/23/11,8.896338596109954,3.9397074E7,-0.021319232414201944,0.2082006937082525,0.3910592290975476,16.551724137930997,0.08438471887073125,0.2758032910101784,9.01292369339763
6/24/11,9.01292369339763,6.4571634E7,-0.001457450299152327,0.8368117162598641,0.5033756645998022,0.0,0.07929686434157876,0.5737022323942328,9.092553401870607
6/25/11,9.092553401870607,6.1175666E7,0.013209031978138802,1.1343264244761508,0.5117656645968156,0.0,0.0738225231747908,0.5985863580284484,9.075872674511984
6/26/11,9.075872674511984,3.8614798E7,0.017438487293061453,1.0442226180008545,0.4772138976720792,5.333333333333325,0.0628645931883749,0.47785368473615963,8.983776759359067
6/27/11,8.983776759359067,4.9466011E7,0.011673872239467323,0.6325961909006268,0.427018655475543,14.000000000000023,0.05531869992950777,0.24249004563597487,9.04514020756581
6/28/11,9.04514020756581,6.711799E7,0.020342403448322666,0.9052885724597126,0.5080485363113687,1.33333333333342,0.054429612426258024,0.611771778547518,9.109729830061045
6/29/11,9.109729830061045,4.8488E7,0.025431211810277132,1.0296012710274858,0.5080485363113687,1.33333333333342,0.050711750241433026,0.6084779708235513,9.244922973709437
6/30/11,9.244922973709437,7.7240835E7,0.04007694874879353,1.1260067736101116,0.5767584578959133,0.0,0.04489309398401979,1.0317067966511895,9.267985845191388
7/1/11,9.267985845191388,4.1839068E7,0.043261093573853236,1.0252232813938582,0.5466220158379791,3.3333333333333472,0.052006874055714726,0.7809057759643689,9.416566114041888
7/2/11,9.416566114041888,1.13165453E8,0.052397524995489705,1.0887391424762063,0.5922739974877171,0.0,0.05546211694722561,0.9877065895962768,9.373507573219905
7/3/11,9.373507573219905,6.6489024E7,0.05381736010115214,1.0552566574969293,0.5788910285976847,1.3333333333333808,0.06389403171241394,0.8357528235178644,9.361804097487548
7/4/11,9.361804097487548,5.3826936E7,0.05339437456994968,1.061396418278084,0.5855797443564172,0.44444444444451287,0.06980789793013266,0.8056716771639753,9.405757101566374
7/5/11,9.405757101566374,4.7114993E7,0.05299317506156208,1.072118191409183,0.5992207592813704,0.0,0.07523156910257522,0.8083028312640121,9.503441935210583
7/6/11,9.503441935210583,1.07696972E8,0.0595258230059497,1.0688702915330954,0.6460333376119213,0.0,0.08123355560627485,0.9383414567921854,9.483827917980618
7/7/11,9.483827917980618,6.0560075E7,0.053971932656971894,0.8830068490945924,0.5962845115924533,4.545454545454516,0.09117374425093834,0.7452788875845856,9.450631463413314
7/8/11,9.450631463413314,7.1659892E7,0.049306861714706704,0.794776376293231,0.6060359564955522,3.1818181818181857,0.09266985059034763,0.7493822681212123,9.406751655226959
7/9/11,9.406751655226959,8.2225733E7,0.038949289591363664,0.5839210132378216,0.5715241153496502,8.750000000000028,0.09502392572727122,0.6479678005397532,9.342958437408052
7/10/11,9.342958437408052,8.6721348E7,0.026116132384145438,0.08736444300158563,0.5431199565794491,12.500000000000055,0.09417570395108345,0.5729760384539282,9.235572689785572
7/11/11,9.235572689785572,6.5066893E7,0.005962771382775844,-0.17478055807183757,0.475587879829165,20.0,0.09158546653366804,0.39776230221432357,9.165911445757263
7/12/11,9.165911445757263,6.7576254E7,-0.010077749759319105,-0.27186938542982153,0.4602586773212552,20.0,0.08354767104455735,0.35176409207920506,9.170612535839846
7/13/11,9.170612535839846,3.5532729E7,-0.020123876149668735,-0.2848122658745009,0.4602586773212551,20.0,0.07787029775085301,0.3559335714494467,9.145913600720643
7/14/11,9.145913600720643,7.0896633E7,-0.030945744215553746,-0.2589188498638584,0.42854533621471463,20.0,0.06995027919653789,0.24271293664417087,9.012156446681097
7/15/11,9.012156446681097,6.0429994E7,-0.03906329376529643,-0.21864190387425525,0.4132897847123121,20.0,0.07098914277961778,0.2148816476307249,8.951359065902325
7/16/11,8.951359065902325,7.5535741E7,-0.05071485009487113,-0.17644749411507,0.3677089826565194,20.0,0.07349009905201102,0.0759679866420442,8.958037937919965
7/17/11,8.958037937919965,4.3092663E7,-0.05172971404559451,-0.04658587801323394,0.40040939525967145,17.931034482758605,0.07875542477291597,0.21628687097308474,8.865603058019198
7/18/11,8.865603058019198,6.1950167E7,-0.056755604801796575,-0.06212476807107889,0.3634839209319546,20.0,0.07752518905079449,0.09799992410555222,8.861167697794917
7/19/11,8.861167697794917,4.6679612E7,-0.056244586792896845,-0.03925237242875987,0.36915046342776975,19.60000000000001,0.08567651152377564,0.1815250952215501,8.924393258523274
7/20/11,8.924393258523274,6.7549651E7,-0.04705632415039847,0.2149259275819186,0.41902426764477624,14.117647058823444,0.09235393985535484,0.3290964412020039,8.907700951700486
7/21/11,8.907700951700486,6.1979794E7,-0.04301457191790088,0.15956895785534048,0.3931245165490719,17.99999999999993,0.09567088129735901,0.27751971973936695,8.877187984150881
7/22/11,8.877187984150881,4.9757216E7,-0.04039785921173969,0.05056930932626558,0.3787900940029323,20.0,0.10071857376800174,0.26867201210001473,8.808395726129765
7/23/11,8.808395726129765,4.5887776E7,-0.03999578446061431,-0.003493791056241702,0.35782142350798324,20.0,0.10438227305067777,0.23991277536440014,8.824641355479221
7/24/11,8.824641355479221,5.2347656E7,-0.031977247880315446,0.3185453756812362,0.40488401701677845,13.599999999999994,0.10892379774366355,0.3477752154005551,8.890643026843948
7/25/11,8.890643026843948,9.3478648E7,-0.019532322902168636,0.8213416919950366,0.4482108017377655,2.2222222222223538,0.10936464407073195,0.4361585115081783,8.851375780718916
7/26/11,8.851375780718916,8.8036486E7,-0.018322598248093208,0.4982088428365883,0.3977883977516417,16.66666666666657,0.10638673490409577,0.31758393716022554,8.772162938264824
7/27/11,8.772162938264824,6.7011196E7,-0.019071121247387843,0.1815906462941244,0.38016447286717897,20.0,0.09831780587562931,0.269708754385472,8.789132561903154
7/28/11,8.789132561903154,4.2401677E7,-0.017135270353679982,0.06163038186830083,0.385993774321943,18.947368421052662,0.09300259025936979,0.29014464083331953,8.641646772639588
7/29/11,8.641646772639588,6.9367973E7,-0.026342864427780527,-0.03362083071567662,0.32396958295165684,20.0,0.08267982602324818,0.052504367260751056,8.585289425867579
7/30/11,8.585289425867579,6.9666907E7,-0.03178140969963718,-0.07221905511792476,0.31539589400571255,20.0,0.07881517658201524,0.03487399694174723,8.595268207922915
7/31/11,8.595268207922915,4.9918846E7,-0.02875646466592255,0.03830863759674075,0.35213601189836274,16.92307692307698,0.07523574660286182,0.1393251795280485,8.60619599117219
8/1/11,8.60619599117219,4.8026408E7,-0.028177918349193046,-0.019388561271590915,0.3329892856013725,20.0,0.07384618679960266,0.08322238796589956,8.380459453836117
8/2/11,8.380459453836117,1.4038973E8,-0.039309658742677916,-0.042877476182894864,0.27437947006473945,20.0,0.07423992256358734,-0.18228038390240645,8.34187551369699
8/3/11,8.34187551369699,7.1644862E7,-0.04306815505072903,-0.048552829900930544,0.27437947006473945,20.0,0.08272815361792403,-0.05664907862266104,8.259186349095096
8/4/11,8.259186349095096,8.2431224E7,-0.045100940376145704,-0.04568045045328746,0.26233281475103604,20.0,0.08996166830003181,-0.023237400271659426,8.30027165445123
8/5/11,8.30027165445123,8.0017463E7,-0.043928197443821065,-0.03932823175952526,0.25748780395374055,20.0,0.09747953472846227,0.039602027258515714,8.416133649825033
8/6/11,8.416133649825033,1.34216053E8,-0.026667761335702173,0.41230922452209695,0.3801455728784253,12.156862745097994,0.10599839267321329,0.31369976052987836,8.450942147206618
8/7/11,8.450942147206618,5.021296E7,-0.013569619577002645,0.6084946880813158,0.3768109386876184,9.142857142857059,0.10442223647976277,0.31850951470095396,8.483436245647152
8/8/11,8.483436245647152,4.7008304E7,-0.001183315053547379,0.7550618335271708,0.39390033738466557,7.428571428571379,0.10467946453322909,0.3660691275226414,8.540779922730966
8/9/11,8.540779922730966,5.0000107E7,0.00883385686893201,0.9341176462781364,0.39977875307395716,6.8571428571428195,0.10334662971759942,0.38729078594154615,8.444933533185111
8/10/11,8.444933533185111,3.9423884E7,0.012353615056131861,0.9560507527835598,0.37631577425610047,8.275862068965559,0.0981834757246839,0.32806802196297563,8.415011092729268
8/11/11,8.415011092729268,5.2706596E7,0.009673722347459446,0.6373487164766864,0.34387996104569163,13.043478260869572,0.09510389515922744,0.23899136750486696,8.0807691597767
8/12/11,8.0807691597767,3.9982538E7,-0.00953708816500265,0.1930027849829854,0.26501815686157637,20.0,0.09421450941763919,-0.06679377626036725,8.062804143950608
8/13/11,8.062804143950608,2.6966055E7,-0.020211412446332372,-0.025929049567880003,0.2627915860008461,20.0,0.1044930555811354,0.024992006645320846,8.034714379181457
8/14/11,8.034714379181457,2.8876449E7,-0.026844130837114788,-0.12035108163850017,0.25365817563160314,20.0,0.1090076829142615,0.046487162716936065,8.095340359784892
8/15/11,8.095340359784892,5.0974236E7,-0.02032394148151065,0.04153210365502724,0.3286563790430207,15.102040816326491,0.10760535486345812,0.2030737520568806,8.080045661461906
8/16/11,8.080045661461906,4.3691987E7,-0.016066067301842513,0.07258432868549092,0.31727003997949765,16.73469387755102,0.10398594559555797,0.1794402063507174,8.105991210540964
8/17/11,8.105991210540964,4.0080965E7,-0.010860048876504741,0.09646098174758128,0.31727003997949765,16.73469387755102,0.10104372548023789,0.20057395583249862,8.1253045163265
8/18/11,8.1253045163265,3.9552477E7,-0.0033933779323014335,0.18647781154587934,0.3370449200783643,15.510204081632677,0.09460702784570812,0.24440085299383332,8.073371079515764
8/19/11,8.073371079515764,3.3635896E7,1.1320749308818545E-6,0.17247780091967457,0.3204695352125971,17.20930232558137,0.09306361480522536,0.20564525882609277,7.919124878713467
8/20/11,7.919124878713467,1.15797069E8,-0.002525541097114642,0.029444315048978154,0.28991728747172796,20.0,0.09247324251588884,0.1126049907782196,7.788997729797133
8/21/11,7.788997729797133,1.06535413E8,-0.02138882133525083,-0.03739771367677347,0.22191451681520588,20.0,0.0911234427416314,-0.220993325460085,7.707749604328236
8/22/11,7.707749604328236,4.5089773E7,-0.028394147559399452,-0.012225342798528438,0.24098947165649323,18.695652173913036,0.10449963524055877,-0.04038137029633941,7.706547208107362
8/23/11,7.706547208107362,3.2425638E7,-0.02881154442842268,0.024475338385841705,0.24757726675847755,18.260869565217394,0.11724967000574457,0.07145039256717647,7.634781149960312
8/24/11,7.634781149960312,1.00909326E8,-0.028203090026617306,-0.019903744290063113,0.23869825282016277,20.0,0.12657973555078944,0.10354119103558394,7.728496425885177
8/25/11,7.728496425885177,4.5202381E7,-0.020537501178629153,0.06628744981213536,0.2801868031995819,17.333333333333307,0.1359311784024802,0.2142677753162292,7.685692524523881
8/26/11,7.685692524523881,4.6584899E7,-0.019014497104715256,0.008340486100652134,0.25533834501972447,20.0,0.14156890537949884,0.17070116062415275,7.684965932162761
8/27/11,7.684965932162761,3.0224255E7,-0.011167220459781801,0.08772016538941615,0.2955031182401755,17.551020408163243,0.14343108830257575,0.2522998635322188,7.634490138488219
8/28/11,7.634490138488219,4.7630983E7,-0.004847340248680887,0.11384751487258538,0.2899183645627226,18.181818181818183,0.14071246553505756,0.254542752382485,7.686739792488909
8/29/11,7.686739792488909,7.7344589E7,0.002747653526157523,0.5010452404413549,0.30401148779326886,16.470588235294088,0.1341532881272811,0.283379425498645,7.624756879556466
8/30/11,7.624756879556466,5.5545514E7,0.004355692815937284,0.2174614250895453,0.28017958741677296,20.0,0.12270552719238742,0.21016650792840882,7.454687846404524
8/31/11,7.454687846404524,6.45019E7,-0.0029884116660711113,0.06726179325656934,0.23988354799937228,20.0,0.1125081239007133,0.04853656029363569,7.445702215185328
9/1/11,7.445702215185328,4.8389405E7,-0.004702742296203766,0.020810646524516113,0.24713435907318473,19.285714285714302,0.10911091137653783,0.08743461713194793,7.42421545556308
9/2/11,7.42421545556308,4.7580447E7,-0.006616913026496474,-0.025956125446421507,0.23511924593132258,20.0,0.11429464129683722,0.09098492451632645,7.406106226603553
9/3/11,7.406106226603553,3.0350495E7,-0.005988207831365694,-0.04385734349501365,0.232695009223589,20.0,0.11952710168366283,0.1347299397207446,7.49209245815916
9/4/11,7.49209245815916,5.8500797E7,0.002596779683617073,0.1944389081054408,0.3020847498058644,13.793103448275872,0.12381289612368626,0.26523580267239,7.575047126373412
9/5/11,7.575047126373412,6.2142486E7,0.014436299723798618,0.500966252360592,0.350994387669755,8.965517241379363,0.11849420010335171,0.34705466565154786,7.643399252270606
9/6/11,7.643399252270606,7.011895E7,0.029576677162910486,0.9110396263649626,0.4138659030939719,2.0689655172413963,0.11092433692566496,0.4580927060966935,7.651980991495171
9/7/11,7.651980991495171,6.2270863E7,0.03890493021785013,1.142229932542093,0.40961438628186303,2.7586206896551744,0.10017880236804862,0.44625078808642327,7.713867297137129
9/8/11,7.713867297137129,7.544419E7,0.05103252468332206,1.2548188795349438,0.46815199905051574,0.0,0.08436615980301723,0.5816269887103792,7.7042967957138755
9/9/11,7.7042967957138755,4.404538E7,0.057142687104365014,1.2543229804723282,0.46323092377452474,0.5714285714285599,0.06891250744512586,0.5733180435791165,7.718741667538405
9/10/11,7.718741667538405,4.6411105E7,0.058392518505451685,1.178225424328525,0.45302646630635496,1.7142857142857302,0.05750017776177772,0.5386280396589087,7.684001857442119
9/11/11,7.684001857442119,3.4912528E7,0.05575920535675272,1.0484109871487464,0.4375361323074158,3.4285714285714097,0.05840238588030361,0.4740698816386483,7.7408962956731076
9/12/11,7.7408962956731076,5.3821168E7,0.05517020501915698,1.039793337620083,0.4637313249492012,1.1428571428571197,0.05820679337404625,0.5571707616812266,7.7358784296702
9/13/11,7.7358784296702,3.2490296E7,0.05449131938423854,1.0828238404871628,0.47678522241375476,0.0,0.05863728026015752,0.5913493742545356,7.812689358394869
9/14/11,7.812689358394869,4.678298E7,0.055582016868306175,1.0927458594850687,0.5088116887556167,0.0,0.060164053536536734,0.6778920532393701,7.793194119065704
9/15/11,7.793194119065704,4.7282079E7,0.05121622956312924,0.8275912909487604,0.4774959990001306,6.666666666666667,0.06227722992773171,0.5613392087838406,7.766850983561189
9/16/11,7.766850983561189,3.9743689E7,0.04992431932100393,0.9511235614938718,0.5098199023534418,0.0,0.0637349244942608,0.6460199240157152,7.627347395959949
9/17/11,7.627347395959949,8.9555247E7,0.033282222887623725,0.23367973045904677,0.39470681455884454,20.0,0.06632238206866041,0.23812936651052546,7.537650290865459
9/18/11,7.537650290865459,4.0630297E7,0.01866447925762814,-0.11114860894076983,0.3741361582787325,20.0,0.06668787606037421,0.17569281087375627,7.549073580999599
9/19/11,7.549073580999599,3.3322665E7,0.01050654336589689,-0.1944426345118795,0.38780976657162436,18.518518518518547,0.06747113196786655,0.24436840500940007,7.503351182637197
9/20/11,7.503351182637197,2.7038216E7,0.003610312568561591,-0.25924018031376794,0.37465482026203323,20.0,0.06814867046408661,0.21860322840114485,7.519726796537203
9/21/11,7.519726796537203,3.626894E7,-8.654694613012409E-4,-0.25923462507974404,0.37017032155998886,20.0,0.06628837205351272,0.21990959779960034,7.491283161338526
9/22/11,7.491283161338526,3.5326454E7,-0.0023112073493885554,-0.20360838548411497,0.378145394368901,19.31034482758622,0.06490199660640479,0.25899334014936143,7.519137854865284
9/23/11,7.519137854865284,3.6366406E7,-0.00241489323117787,-0.15243104076330166,0.37814539436890093,19.31034482758622,0.06098336638766113,0.2675885810254509,7.49538924979634
9/24/11,7.49538924979634,3.6963616E7,-0.0035809974144044437,-0.1357372776608104,0.36234452647413434,20.0,0.05605767633690408,0.20726646714484648,7.439528334421318
9/25/11,7.439528334421318,4.033451E7,-0.009172773709919563,-0.11323590765294644,0.3194406280286899,20.0,0.05620879126621929,0.0443916868539137,7.523072701586522
9/26/11,7.523072701586522,5.4763743E7,0.0012826837213510411,0.6871242465342093,0.4691092926575872,0.0,0.062094689060376615,0.5105731266813449,7.545551674303251
9/27/11,7.545551674303251,3.8419444E7,0.005290804560543233,0.8831593987802554,0.44301267352090207,5.0,0.062149867491081964,0.4136714252449793,7.584642657807321
9/28/11,7.584642657807321,4.4804211E7,0.012055631618120205,1.149935088802914,0.4801916901579835,0.0,0.06274603757927348,0.5366031143468569,7.643129444944525
9/29/11,7.643129444944525,3.7255105E7,0.01633714826228111,1.2518426078348832,0.4801916901579836,0.0,0.06089440331074299,0.534116642642443,7.572048573940066
9/30/11,7.572048573940066,5.5393324E7,0.016885964291586536,1.1580412154229927,0.4624728504694249,2.857142857142881,0.059093798338750565,0.47132028189247654,7.496030217997286
10/1/11,7.496030217997286,4.4361378E7,0.009284349774908773,0.6384741123199147,0.3993235207887886,14.285714285714322,0.0577928501227441,0.22558980906949397,7.336893044026828
10/2/11,7.336893044026828,7.3135906E7,-0.0043248217013988205,0.14613764131792228,0.3411027745744039,20.0,0.059287997130146125,-0.025580507348438287,7.349341136602073
10/3/11,7.349341136602073,3.8370245E7,-0.008212608330392529,0.0720034565115959,0.38244688310266595,15.862068965517269,0.0647862373178488,0.17501576840606498,7.597054200964926
10/4/11,7.597054200964926,1.4597194E8,0.004426129334194034,0.6440813657975333,0.5045733902262532,0.6896551724138396,0.06459539417716341,0.6137597109285075,7.564623444613672
10/5/11,7.564623444613672,6.3799021E7,0.010158148104456519,0.8267736181693346,0.48585606524961844,3.448275862069014,0.05763995748382273,0.5321175193302268,7.474138405176414
10/6/11,7.474138405176414,5.0981388E7,0.00932300499264413,0.7203209988138504,0.4542605302858886,8.275862068965523,0.05204073157214698,0.37081762853953565,7.478021277595553
10/7/11,7.478021277595553,4.1199392E7,0.008223282436976363,0.6312872332550854,0.4497835331212246,8.965517241379303,0.040979664409354515,0.3221579064240014,7.469656652933791
10/8/11,7.469656652933791,2.8598526E7,0.005720280084804075,0.5148686640243796,0.43597252394799574,11.034482758620697,0.040556339994201225,0.2483240331181203,7.512101182815377
10/9/11,7.512101182815377,6.0553998E7,0.008837669367904956,0.6519511943953242,0.4761831930434475,5.714285714285732,0.04116813690706124,0.48006518439754337,7.455938979223965
10/10/11,7.455938979223965,3.9495794E7,0.0038070702221077862,0.4142472656591214,0.42515122236912595,13.571428571428568,0.0409624785052654,0.15854679818049178,7.368370800928419
10/11/11,7.368370800928419,2.9556474E7,-0.0028846117905065027,0.04828788686185925,0.4000929587609997,17.857142857142897,0.042573368915754056,0.032103797077854976,7.34517346765935
10/12/11,7.34517346765935,3.5316266E7,-0.0070691815302861005,-0.11972604669935294,0.39592586389453793,20.0,0.04620827681484442,0.08301340893652455,7.27674361045715
10/13/11,7.27674361045715,4.8072062E7,-0.015828634094966328,-0.18109601198218572,0.35263876861086935,20.0,0.049620330833237414,-0.12133275583307684,7.221449652753961
10/14/11,7.221449652753961,3.7540673E7,-0.021216683203840292,-0.18824977299875756,0.34528478684255115,20.0,0.05786659373882647,-0.025643372921872222,7.155066996791464
10/15/11,7.155066996791464,4.4280628E7,-0.02543714766757592,-0.1705125808951498,0.3305149134673672,20.0,0.06561627890265792,0.004727903942963702,7.155014164349294
10/16/11,7.155014164349294,2.3528437E7,-0.026732042654965787,-0.14368354208297412,0.32677082727685886,20.0,0.073877949535282,0.08414150991820543,7.131128743993583
10/17/11,7.131128743993583,2.8344266E7,-0.02861714565748985,-0.11579468682389893,0.30807500912772257,20.0,0.07881509205086812,0.06807251364271699,7.253285241914899
10/18/11,7.253285241914899,7.4565209E7,-0.014115542539093875,0.4539108807161234,0.44974495924283614,9.756097560975594,0.08542831864932901,0.4415922326914964,7.312282137265111
10/19/11,7.312282137265111,6.2930106E7,3.562551184907031E-4,0.967789923987675,0.4821995633379768,2.0000000000000178,0.08180270769755445,0.5350079343147407,7.35362114562848
10/20/11,7.35362114562848,3.2324563E7,0.006391804108346055,1.0269200010480068,0.45353866325981423,4.444444444444422,0.07699394958343705,0.4378099338043499,7.439223976563756
10/21/11,7.439223976563756,4.8620078E7,0.01893407033010998,1.198357072217634,0.5197973588647395,0.0,0.0727739683907534,0.6600120520456515,7.432102147976741
10/22/11,7.432102147976741,2.7147361E7,0.025919507025592398,1.2296358343864897,0.5146543302096136,0.5882352941176348,0.0725156919292268,0.6282204582050049,7.400743274978932
10/23/11,7.400743274978932,2.9564294E7,0.027720413417372372,1.146126988915325,0.49879122664336756,2.3529411764705914,0.07283183525888547,0.564916158467762,7.458047871102218
10/24/11,7.458047871102218,3.7953795E7,0.030581406204716603,1.171206986931013,0.5199299661245581,0.0,0.0729171720071018,0.6258401191603186,7.406650148123502
10/25/11,7.406650148123502,2.2249339E7,0.028781748321899323,1.071827386194017,0.49745111782400925,2.3529411764705914,0.06793010851953146,0.5500284361133696,7.4697405290982175
10/26/11,7.4697405290982175,4.395252E7,0.02983321624805789,1.0981092266161472,0.5249575860421494,0.0,0.06364794478770633,0.6444135887575239,7.514731812476962
10/27/11,7.514731812476962,5.265849E7,0.03510130552787789,1.0988890194019665,0.57031444794778,0.0,0.06268159854903216,0.8077883147532078,7.605107642452966
10/28/11,7.605107642452966,5.1397333E7,0.04137977318557247,1.088247925151001,0.6019831878575109,0.0,0.06505298638001926,0.8986693314847439,7.594406198247878
10/29/11,7.594406198247878,4.018555E7,0.040848142893646126,0.9255650767634234,0.5759922559507046,2.6666666666666705,0.0711949503335657,0.7606332398152111,7.611774674909777
10/30/11,7.611774674909777,3.6799861E7,0.04300278591835775,0.9885162626015802,0.6077467577245322,0.0,0.07319401643485325,0.8447238287038922,7.62232072319931
10/31/11,7.62232072319931,3.218919E7,0.03705752144811306,0.7585112789813264,0.5566957207855441,6.666666666666667,0.08007555060365783,0.6637239940302305,7.593655832492131
11/1/11,7.593655832492131,2.8328508E7,0.03264435726335011,0.7108966997077308,0.5664506404745543,5.000000000000037,0.08281306520407716,0.6722188842923069,7.563518504322487
11/2/11,7.563518504322487,2.9807495E7,0.024243013015894536,0.4996350311741642,0.5290319846424238,10.0,0.08561335214154603,0.5659483514052104,7.47612530370406
11/3/11,7.47612530370406,4.9611207E7,0.013088935748347678,0.01689261947322751,0.48868036141781396,15.833333333333352,0.08405323098425095,0.4601308445281756,7.456187667972692
11/4/11,7.456187667972692,2.8176827E7,0.005869794687935397,-0.15860084870959534,0.4945809571972604,18.947368421052655,0.08014407386719874,0.47724631901174713,7.452090407467427
11/5/11,7.452090407467427,3.7082866E7,0.0014820562637935034,-0.1721920034254537,0.5007537461564241,17.894736842105218,0.07350962323386759,0.4940016794592747,7.500729791170006
11/6/11,7.500729791170006,3.6411101E7,3.719740276072747E-4,-0.024597147830845878,0.5196122080494825,14.736842105263188,0.06458413278861509,0.5499671810143819,7.625536416202229
11/7/11,7.625536416202229,5.7205114E7,0.007755374114139287,0.6051370909643352,0.591291041941725,1.0526315789474374,0.04802256248487413,0.8872236915907734,7.66651381138078
11/8/11,7.66651381138078,4.7587494E7,0.014314008531481986,0.9639803507310707,0.6104529499749834,0.0,0.04691018411774127,0.9604610168307909,7.7158411254986285
11/9/11,7.7158411254986285,5.6974001E7,0.020617433469264125,1.1274684272128344,0.6334678905309354,0.0,0.04890317001441919,1.0212782772055717,7.658767092913486
11/10/11,7.658767092913486,4.2177128E7,0.020001704415210125,1.0419337141481577,0.5957557320195742,3.70370370370375,0.04896256135192855,0.847863347677223,7.687576506677613
11/11/11,7.687576506677613,2.6193792E7,0.018864933118589833,1.0074894372222936,0.600847734449026,2.9629629629629606,0.0505109349349704,0.8282321862445204,7.600781831343562
11/12/11,7.600781831343562,3.8667163E7,0.007207350859000615,0.5217380737310189,0.4996898492659775,14.07407407407408,0.05143551518425304,0.44281531028242177,7.535643862071066
11/13/11,7.535643862071066,2.6921255E7,-0.0015153162409426851,0.22394605783315846,0.4937521759398532,15.384615384615358,0.04830944396673796,0.4201153090950774,7.595789686113481
11/14/11,7.595789686113481,4.3645487E7,-9.177820224966285E-4,0.3576202463617377,0.5509259611118908,8.000000000000043,0.04646055185200648,0.6823021575252965,7.529671916171704
11/15/11,7.529671916171704,3.7691617E7,-0.0098239974164619,0.013659050253439275,0.471116661626571,20.0,0.042778750010529144,0.28757622420777057,7.498636772875272
11/16/11,7.498636772875272,2.1823216E7,-0.014625059971532746,-0.10832285730433544,0.4769158472687305,19.166666666666686,0.04176333180853641,0.3316707755680641,7.451733159972675
11/17/11,7.451733159972675,2.9220009E7,-0.022311668898264622,-0.1782789431850864,0.4359435260415555,20.0,0.042744345301328465,0.12637824689728017,7.369312787507388
11/18/11,7.369312787507388,3.3266319E7,-0.030076731564012683,-0.18956176544485503,0.4077913899088028,20.0,0.046237569593376146,0.030728294718373773,7.361365663774228
11/19/11,7.361365663774228,2.478531E7,-0.03294812267501007,-0.1499449111640785,0.4145427040579298,19.39393939393941,0.05221939927721186,0.1464014265965452,7.367560023001053
11/20/11,7.367560023001053,2.0252986E7,-0.034441166673109216,-0.13587889488974447,0.4046573050523086,20.0,0.05532621181812528,0.15378750816631936,7.403028224653905
11/21/11,7.403028224653905,2.8957627E7,-0.025979050250293022,0.2188036562199312,0.4837915575404397,11.428571428571429,0.05959919096443334,0.45230559674396537,7.43665064695204
11/22/11,7.43665064695204,2.2784842E7,-0.021234268327130053,0.3164145425299552,0.467158763582713,13.571428571428523,0.05962371952947797,0.3960292161267221,7.509794436187378
11/23/11,7.509794436187378,3.5819826E7,-0.01263800538587035,0.8881320507675885,0.509331797536977,8.571428571428571,0.060445345307553335,0.5471531278048181,7.4673854388109975
11/24/11,7.4673854388109975,2.816748E7,-0.009069477515349438,0.9602140487879156,0.4857914919008546,5.0,0.06000652688145439,0.4624290753564538,7.463813451574456
11/25/11,7.463813451574456,4.0827533E7,-0.006904103623085123,0.9202822647094047,0.47985101978888167,6.2499999999999725,0.06002705139210561,0.4458683936456159,7.451755550609669
11/26/11,7.451755550609669,4.1978767E7,-0.0063541527277879775,0.7794478868179127,0.46759817083831606,8.749999999999917,0.060317478584210445,0.4111256884336754,7.431746724625126
11/27/11,7.431746724625126,3.9279397E7,-0.007469241244524687,0.5469161758863699,0.4491653669526222,12.499999999999945,0.06114285608219697,0.3612039875432074,7.430945271204656
11/28/11,7.430945271204656,3.8822287E7,-0.004447052407825985,0.6675225070405313,0.4853903739098466,6.2499999999999725,0.06057122959809173,0.4731681387578111,7.380197891236425
11/29/11,7.380197891236425,5.3769233E7,-0.009190816889967507,0.188622820104543,0.42024602370405517,20.0,0.05706665251798763,0.24042938699826302,7.400758814505945
11/30/11,7.400758814505945,3.4974819E7,-0.006407150631828552,0.34370931256582116,0.47513598455769046,10.0,0.051871672706823,0.42863837641858116,7.770950672597539
12/1/11,7.770950672597539,2.2700202E8,0.02457577780356784,0.8188911633746312,0.6658203078331004,0.0,0.04553120761821816,1.61945768491381,7.911358111247843
12/2/11,7.911358111247843,1.15134979E8,0.04347349590717617,1.0502063011369214,0.6686861907165155,0.0,0.06111558549939339,1.2704759074316512,8.126775933210494
12/3/11,8.126775933210494,2.2924919E8,0.07668106277766346,1.14743455112717,0.7527457482762588,0.0,0.0768265501888685,1.6225282415968827,8.34505293261753
12/4/11,8.34505293261753,2.152548E8,0.09779689930078539,1.174265489886484,0.7648397761771321,0.0,0.11579672645549956,1.239031736148386,8.315976433846114
12/5/11,8.315976433846114,1.14930761E8,0.10234592788120889,1.1271449796651405,0.7372421000863922,1.0204081632653201,0.14602385416985927,0.9862023763093408,8.40738743688011
12/6/11,8.40738743688011,1.7412697E8,0.10688847037736479,1.1260889161572607,0.7595520027991458,0.0,0.16502272725175957,0.9704758889653187,8.369053912733056
12/7/11,8.369053912733056,1.24094525E8,0.09626713681434651,1.0301281935436915,0.7010879324002384,2.0952380952381167,0.18569058889423726,0.8076698653722575,8.719267978911972
12/8/11,8.719267978911972,3.4439445E8,0.12242747303790855,1.0539726762740769,0.7948909384513145,0.0,0.19410588758278022,1.1208981262828022,9.021513085622212
12/9/11,9.021513085622212,2.5478307E8,0.14191167019623951,1.0585732601237954,0.8124637349496951,0.0,0.22770539950523952,1.0563953193311344,9.131606702838013
12/10/11,9.131606702838013,2.3488021E8,0.14948478713171856,1.054109824043248,0.819294051373337,0.0,0.2592868321968994,0.9664182802142693,9.063221823388425
12/11/11,9.063221823388425,1.7667064E8,0.1386437421573784,0.9665684174571898,0.7801520946264592,1.4399999999999966,0.28360351269756484,0.8469703434115788,8.989144437023972
12/12/11,8.989144437023972,1.4975087E8,0.12289513197974111,0.9272061429168861,0.7813954140360642,1.8181818181818181,0.29837950853290274,0.7992211822023808,8.975686318887469
12/13/11,8.975686318887469,1.30820092E8,0.09823425393019142,0.8260687388694485,0.7409865678861226,3.953488372093016,0.30756955256685486,0.7290922901874153,9.097732948353984
12/14/11,9.097732948353984,1.3464272E8,0.0824579166816315,0.8864757889457093,0.7588052431958813,1.1627906976744335,0.3103981816604573,0.7451478390942464,9.394481875420853
12/15/11,9.394481875420853,2.3422668E8,0.08820556019730486,0.965152854260146,0.8024814978294109,0.0,0.3105232808152755,0.8420177312684796,9.425681856214066
12/16/11,9.425681856214066,9.6013021E7,0.08460549624655367,1.0039923439265457,0.8035402924895152,0.0,0.31745467866440263,0.8029265554667204,9.47410003755555
12/17/11,9.47410003755555,1.27847946E8,0.07003694550686584,0.9096996344531065,0.7724836489277378,2.500000000000008,0.317648616076698,0.7487201695498319,9.533461758252155
12/18/11,9.533461758252155,1.19599842E8,0.06642840811087758,0.9730632327637734,0.7965544345888773,0.0,0.30746941104062564,0.7972226542906365,9.858661787829014
12/19/11,9.858661787829014,1.9845164E8,0.07802345275822575,1.0042178061503169,0.8286104263545507,0.0,0.29759706636128375,0.8872582846798114,10.074314324750214
12/20/11,10.074314324750214,2.6143681E8,0.08368408277826955,1.0175956380831896,0.8369515936527305,0.0,0.285895861042693,0.8955303796062474,10.21012332307726
12/21/11,10.21012332307726,2.4820091E8,0.09790119691056992,1.0215862702663348,0.8590074127758562,0.0,0.27004757101851307,0.9837711300638722,10.159690743073446
12/22/11,10.159690743073446,1.5485118E8,0.0846040963623409,0.8944934787499368,0.7833209292435718,2.9629629629629797,0.2771448994589155,0.8513184800233095,10.08810719441466
12/23/11,10.08810719441466,1.7590618E8,0.0686057312650532,0.8075941900393386,0.7853473096423266,2.926829268292677,0.26734385629448015,0.8336888390441273,10.104110729844097
12/24/11,10.104110729844097,1.21226794E8,0.043938440617867114,0.6852133118147243,0.747878632162061,6.021505376344113,0.2651996535318786,0.7657175113121637,9.967498207201668
12/25/11,9.967498207201668,1.7154746E8,0.007372471265370439,0.4483548593675022,0.6722754993404185,10.752688172043014,0.2576804145079094,0.664330768081229,10.176093874044673
12/26/11,10.176093874044673,2.2863487E8,0.013111933661889785,0.762801279640448,0.7400931579287741,0.0,0.23739210395547652,0.8723001873397042,10.321892650902514
12/27/11,10.321892650902514,1.34039003E8,0.00993714913464483,0.8995605527576833,0.7339524399920827,0.5263157894736732,0.22919360139277026,0.8378140866984359,10.135313976404774
12/28/11,10.135313976404774,1.5669187E8,-0.010806490114065204,0.6591334177570451,0.6712915626761394,8.679245283018895,0.20779119064788754,0.740480348942279,9.970918649452063
12/29/11,9.970918649452063,1.16672023E8,-0.03379178145524242,0.409857476957761,0.6459679332201657,12.075471698113233,0.20023153734542104,0.6828912445941113,10.130516938343714
12/30/11,10.130516938343714,1.29872645E8,-0.04286026560126133,0.4883292888483082,0.6654968875946298,7.1698113207547065,0.19321555198634482,0.7332845473693415,10.252790156519989
12/31/11,10.252790156519989,1.7815488E8,-0.03561294945183435,0.8190516616194516,0.6984042258393355,0.0,0.18763055366207132,0.8341700649198699,10.512659747010657
1/1/12,10.512659747010657,2.4222206E8,-0.028648779150239112,0.9861447537822432,0.708640997188274,0.0,0.18151863197012666,0.8509015959424673,10.499445753433914
1/2/12,10.499445753433914,1.5596849E8,-0.019609149580134877,1.0619478221010126,0.7237123983476537,0.0,0.1733984345347102,0.8930612422297504,10.76187041842383
1/3/12,10.76187041842383,3.2021049E8,-0.016717784469724217,1.088754983342575,0.7249825844641911,0.0,0.15919332316832085,0.8905148823964021,10.604736642095796
1/4/12,10.604736642095796,8.9716806E7,-0.015240792782645673,1.0908076124118726,0.7315930634354764,0.0,0.14388099320801387,0.9197157107210827,11.03804112970206
1/5/12,11.03804112970206,2.6308919E8,0.01530130954275638,1.0816301572857963,0.7882952592653363,0.0,0.13951663583978607,1.2193843085633922,11.282326953418622
1/6/12,11.282326953418622,1.9106734E8,0.03689785235251403,1.0684812708646743,0.7988043663974823,0.0,0.15147334095671963,1.162957965462754,11.229532538640989
1/7/12,11.229532538640989,1.7217145E8,0.04018408814511387,1.0140926187334802,0.7781119806490154,0.9448818897637864,0.1578168067113688,1.0373714894238608,11.32422368793024
1/8/12,11.32422368793024,1.8114719E8,0.05087521979846732,1.0234417572252537,0.800284044150122,0.0,0.16108910417382993,1.1002411565635621,11.631138570977704
1/9/12,11.631138570977704,2.2315719E8,0.08020925769428855,1.0249922901965685,0.834899528540103,0.0,0.1767180324082885,1.215276645678063,12.039799219637587
1/10/12,12.039799219637587,2.715405E8,0.09717157385194175,1.0229044948286456,0.8423732052250651,0.0,0.20712914636208088,1.0937592812347101,11.858387604532671
1/11/12,11.858387604532671,1.7694468E8,0.08484721576806198,0.9128867408409362,0.7793728177569109,2.721088435374163,0.23655324281255344,0.8952885981615525,11.92790682035867
1/12/12,11.92790682035867,1.33748186E8,0.07567904595481201,0.9263803320554871,0.7902953495616175,0.9589041095890445,0.248542900651982,0.8801663818829603,11.532324894921723
1/13/12,11.532324894921723,3.151936E8,0.024124871888967503,0.41435349961767587,0.6411753638910418,9.078014184397171,0.2611546160233898,0.646644589906323,11.302478906857358
1/14/12,11.302478906857358,1.959049E8,-0.02071598032579891,0.04718898919323378,0.6213414850856197,16.40449438202247,0.2556607472617597,0.6062919906589536,11.330868116126444
1/15/12,11.330868116126444,1.19051849E8,-0.05831302834612062,-0.18281811062464226,0.6035602406502779,19.51807228915664,0.2406638164577286,0.5747774137988687,11.169098535295978
1/16/12,11.169098535295978,1.14565262E8,-0.09437140676807054,-0.28079462194685023,0.5686865449922769,20.0,0.2356445058343851,0.5135524339322647,10.774026338121624
1/17/12,10.774026338121624,2.6452304E8,-0.13565634188511955,-0.29314033565151487,0.5113137437247425,20.0,0.22899705423856254,0.4088645445324883,10.304736066562649
1/18/12,10.304736066562649,2.9079131E8,-0.19688906786615606,-0.26605617111453095,0.41913961357247725,20.0,0.21801018362571586,0.18940958047877035,10.217593219352043
1/19/12,10.217593219352043,1.4322643E8,-0.23441900347036593,-0.22445696786314567,0.40844280964623336,20.0,0.21378590971520284,0.1802681644834553,10.304452965178234
1/20/12,10.304452965178234,1.16274545E8,-0.23799822710649732,-0.10575995278454617,0.4427281283297858,18.06451612903226,0.2154532190426436,0.2813274469777182,10.541598784237587
1/21/12,10.541598784237587,2.3859267E8,-0.23041673014556996,0.00878566985396545,0.44464403175910966,17.95698924731183,0.21829202810444043,0.30770741132401247,10.465445079023343
1/22/12,10.465445079023343,1.5881573E8,-0.21252129480461923,0.12256447249850527,0.4566527982675023,16.124031007751935,0.22232121802650437,0.3513038586391507,10.75816597336241
1/23/12,10.75816597336241,2.2465846E8,-0.14968623704436554,0.6595145545073559,0.5683302199978462,4.666666666666659,0.22555417870949587,0.6171836547256577,11.09033062749738
1/24/12,11.09033062749738,2.232089E8,-0.09737453865991208,1.0550383706136468,0.5833926813322127,1.6071428571428557,0.2211620276614635,0.6493705884681703,10.569961106048146
1/25/12,10.569961106048146,2.6100202E8,-0.11097672825843041,0.6357145950608811,0.4611435952274416,15.145631067961162,0.218713849994763,0.3376421545153821,10.808790445418907
1/26/12,10.808790445418907,2.3360773E8,-0.07175268903938134,0.9191665920198779,0.5493502433106849,1.9417475728155282,0.22614538152589014,0.6101866483634046,11.131676636112676
1/27/12,11.131676636112676,2.0563162E8,-0.042154147913022105,1.0735442228387113,0.5539520054096692,1.1650485436893308,0.2248531709095622,0.6148542650949835,10.820472850769086
1/28/12,10.820472850769086,1.9155515E8,-0.044933098008276176,0.797656475650725,0.5055543676104546,7.961165048543697,0.22461217466675465,0.47383583289308767,10.740072876040887
1/29/12,10.740072876040887,1.03046487E8,-0.048612244424315526,0.593165014464373,0.4988829841975846,10.823529411764689,0.2234632445787896,0.4574597815709885,10.531361938850686
1/30/12,10.531361938850686,9.4081221E7,-0.06467730850696095,0.21455747495917477,0.46717749841649925,16.666666666666654,0.21154190367948597,0.36399985681815084,10.363082474806482
1/31/12,10.363082474806482,1.32298619E8,-0.08368699612443961,-0.045928330414667595,0.44447828761709607,20.0,0.19429779803240693,0.2873583537257136,10.24802553894513
2/1/12,10.24802553894513,1.05764431E8,-0.09442058496300774,-0.15659665164585712,0.43939511595873443,20.0,0.18211039102334914,0.27525565330727114,10.449470613518496
2/2/12,10.449470613518496,1.6341936E8,-0.08387276002960853,-0.0075043912608259156,0.4717582221861353,15.652173913043493,0.15710674798850946,0.3717966256517995,10.655390473331991
2/3/12,10.655390473331991,2.1429927E8,-0.06928240159455185,0.13969601600129566,0.48138156049839237,13.953488372093025,0.14670703121123063,0.4103562138590651,10.516312042414382
2/4/12,10.516312042414382,1.4260446E8,-0.05850879331209967,0.1960565879936198,0.47672893869882793,14.651162790697661,0.1359819434534409,0.3935926595623415,10.546170606240029
2/5/12,10.546170606240029,1.14470221E8,-0.037795334292672574,0.6310488786176591,0.5057331256593485,10.697674418604636,0.12545296638549014,0.5109402788064626,11.011814072534742
2/6/12,11.011814072534742,2.5369829E8,0.011761075677218086,1.009164204277361,0.5841757102494883,0.0,0.11742489740464813,0.8998031095369042,11.092625257860966
2/7/12,11.092625257860966,1.9326791E8,0.03656592554771613,1.1017291301000274,0.5680763336597358,1.9148936170212745,0.1259447662452597,0.7757538080183064,11.041490108893315
2/8/12,11.041490108893315,1.22824527E8,0.04766420789706978,1.0878306358682552,0.5607178111790371,2.765957446808491,0.1274965205581997,0.7193467602952495,11.086716027762524
2/9/12,11.086716027762524,8.9020579E7,0.050757405869794305,1.0399796741628613,0.5568536235833577,3.191489361702137,0.12390470293531085,0.6901629843858184,10.75193025834701
2/10/12,10.75193025834701,1.26327261E8,0.028133682673706535,0.6056383577618691,0.49475065339776914,10.425531914893627,0.12295457040350745,0.44137701199293156,10.768317374862479
2/11/12,10.768317374862479,1.13814685E8,0.016040007635825852,0.426808661082849,0.5051846347292509,11.62162162162161,0.11836341119381438,0.4874550638652451,10.038382662940958
2/12/12,10.038382662940958,2.9806947E8,-0.03991035626418032,0.03699481320534703,0.39687996873847126,20.0,0.11526385757482348,-0.0543924637263883,10.041548053396093
2/13/12,10.041548053396093,1.31028762E8,-0.06608025454850587,-0.06724191419417391,0.41679329155073297,18.119658119658098,0.1276074984048359,0.11783743081669135,10.089032894232686
2/14/12,10.089032894232686,7.6052116E7,-0.08418721047522527,-0.1488330675296511,0.40633913127139193,19.487179487179468,0.13018861291085596,0.10677434690302318,10.048698196727694
2/15/12,10.048698196727694,8.3681538E7,-0.09227033427628761,-0.1784511658456071,0.40362736491262496,19.829059829059833,0.1386382754946851,0.1518255705283967,10.05610270589434
2/16/12,10.05610270589434,8.8765772E7,-0.09024579764143824,-0.1480451673726066,0.40995589110712105,19.25925925925924,0.14267155864506356,0.21069108159842112,9.869020864843906
2/17/12,9.869020864843906,8.9499064E7,-0.09263541924039885,-0.1437229528731208,0.38930021014146093,20.0,0.14216234243105583,0.15057627910499036,10.040422391700673
2/18/12,10.040422391700673,6.5806596E7,-0.08086275433971685,-0.014721640554114401,0.4163088032738504,17.85714285714287,0.15008668011582357,0.2690068932107489,9.977320910707283
2/19/12,9.977320910707283,5.4586848E7,-0.07085710881447452,0.023083992707436163,0.4098355032162812,18.095238095238095,0.15397394392532765,0.27285031907801166,10.045635308720376
2/20/12,10.045635308720376,4.330375E7,-0.05849295175991395,0.34419991517893644,0.4147109427656379,17.619047619047628,0.1592506804881541,0.3116659718534784,9.977345494558906
2/21/12,9.977345494558906,4.1832297E7,-0.051547124027138985,0.20528742453792304,0.40053019370983617,18.095238095238145,0.1632924834512431,0.2901553359182165,9.870107716469684
2/22/12,9.870107716469684,7.5763623E7,-0.05015855550192394,0.05724676247897481,0.3813209500803738,20.0,0.1685423705430089,0.2576463014574461,9.696650921102815
2/23/12,9.696650921102815,1.2627472E8,-0.050935285672222164,-0.014909838711554935,0.36593609869581,20.0,0.1762942330184494,0.24409120450703253,9.60885848071007
2/24/12,9.60885848071007,8.6278542E7,-0.056741433646913725,-0.04532279049495094,0.3413434035368206,20.0,0.18498259360130948,0.2057357801028117,9.526020867313672
2/25/12,9.526020867313672,1.03421937E8,-0.05314087406409773,0.015332010125449547,0.3537522629379153,18.297872340425496,0.19614877310652837,0.2659839485054313,9.955678753768783
2/26/12,9.955678753768783,1.7867503E8,-0.013717698909830212,0.7591046611279836,0.48602933142724797,0.0,0.20121920846466745,0.5207938568679426,10.173938939294723
2/27/12,10.173938939294723,1.23343744E8,0.018681439668960576,1.116436432559334,0.5031223217747056,0.0,0.18171195979199078,0.5602109415460422,9.958127415563894
2/28/12,9.958127415563894,1.08826815E8,0.015580927683111284,0.7931773693308717,0.4302937801244223,12.063492063492074,0.16240285534604104,0.35116505588785585,9.960641509379697
2/29/12,9.960641509379697,1.05005043E8,0.026733012717693794,0.8400354677410695,0.47129306331427384,6.0317460317460645,0.14132766229275642,0.4658671054073151,9.923798647083583
3/1/12,9.923798647083583,7.4320334E7,0.026389332993542902,0.6969772778498579,0.44940755969171176,9.841269841269845,0.11159062879668656,0.3641363540155631,9.940454408315594
3/2/12,9.940454408315594,5.2806428E7,0.024541790003319575,0.5753542930930221,0.4438862711696843,10.793650793650777,0.09412637667714711,0.32530915344895706,9.755170540423025
3/3/12,9.755170540423025,8.0667825E7,0.01987804029082324,0.4344436888186246,0.43250005423153043,12.698412698412694,0.06352218935379236,0.18003992895377952,10.034689853518422
3/4/12,10.034689853518422,1.0937348E8,0.029602738109883703,0.5811006088051547,0.47793575833055596,6.666666666666686,0.0641790427474814,0.480690429924274,10.109725944967199
3/5/12,10.109725944967199,8.7865272E7,0.04330134426678761,0.7551139745251505,0.5047664791131531,3.0508474576271145,0.062118827506000965,0.6561795937045353,10.036343878868912
3/6/12,10.036343878868912,6.0095952E7,0.04654856696393819,0.698551695453465,0.48905748700878715,8.0,0.06364913869973982,0.5387180554501844,10.098123973690043
3/7/12,10.098123973690043,7.2153519E7,0.04679780643503312,0.7728569816041946,0.4867389230779505,8.49999999999999,0.06403305301443389,0.5207377457484011,9.97333630608616
3/8/12,9.97333630608616,6.4667334E7,0.040581004421377256,0.6017289853782466,0.4677320992512008,10.322580645161283,0.06393102300920846,0.4059295692910887,9.995220270476011
3/9/12,9.995220270476011,6.3127003E7,0.03947928852415486,0.6631143972823894,0.4839259445293134,6.451612903225888,0.06395453576657233,0.4995450693484213,10.005623015185797
3/10/12,10.005623015185797,6.6994306E7,0.03708414552523823,0.6668966365668327,0.48131103000854225,7.096774193548454,0.06384535045836254,0.4854579205476472,9.971305927949786
3/11/12,9.971305927949786,6.7348057E7,0.03136663600890731,0.5407145646589469,0.46777022778550387,10.322580645161283,0.06404937500604424,0.41641410353779873,9.978603053259436
3/12/12,9.978603053259436,4.7275904E7,0.028262198379931103,0.19919582479871067,0.47411090954939256,9.032258064516151,0.06373791376966383,0.45231291152535724,10.033326465575259
3/13/12,10.033326465575259,1.11647303E8,0.03582838100419691,0.7197212932165284,0.5228365109167704,0.0,0.06380450567572238,0.6830944666350929,10.17210885572592
3/14/12,10.17210885572592,1.22955149E8,0.045137173288355356,0.9822080243781668,0.5480723478192631,0.0,0.06521231372480127,0.785976897159671,10.406586702541015
3/15/12,10.406586702541015,1.5685117E8,0.06005275363097175,1.1008456799635429,0.5917669966914626,0.0,0.06610186810253423,0.9850859215375513,10.311680126814153
3/16/12,10.311680126814153,9.1775245E7,0.06224754904951492,1.0186310776014975,0.5675577252579913,3.1818181818181985,0.06550470618894214,0.8462045605786276,10.319379835511864
3/17/12,10.319379835511864,7.1207689E7,0.06195586310556146,0.9976979022727446,0.5729064368913213,2.2727272727273076,0.06026638523955363,0.8692882031208127,10.25020651394889
3/18/12,10.25020651394889,8.2484743E7,0.04530171685145207,0.6048116735912774,0.5029258582343025,11.818181818181822,0.06527940366568057,0.5212615770484437,10.199822450965218
3/19/12,10.199822450965218,6.3230983E7,0.03575427615107487,0.4968326587277545,0.5179469867689206,9.545454545454595,0.06427118024381921,0.588927238386005,10.273694515410451
3/20/12,10.273694515410451,6.9546991E7,0.033632888754934705,0.6007090637782562,0.5444937432653582,5.454545454545506,0.061652461041174965,0.713805489344105,10.419276228410295
3/21/12,10.419276228410295,1.11377099E8,0.047049561028358736,0.8817182049681986,0.6108298850770763,0.0,0.06358722864770038,1.0497850282350254,10.563551997182039
3/22/12,10.563551997182039,9.1459014E7,0.050887505975999725,0.9614202449450375,0.6000270481503359,1.5000000000000555,0.0717300243170575,0.9026077818654348,10.536394270017675
3/23/12,10.536394270017675,8.9454796E7,0.05159539906184815,1.0316855688297382,0.605016677281312,0.5000000000000777,0.07504132237731821,0.8706856839822636,10.55162237081303
3/24/12,10.55162237081303,1.018756E8,0.044443141259879464,0.9205050940196371,0.5779783106622435,4.0,0.07481872463675222,0.7533274656146677,9.900949906408632
3/25/12,9.900949906408632,8.318609E7,-0.0030999603163651135,0.23547987254629899,0.40391455709440666,20.0,0.07648917931943686,-0.0030754097235979397,9.758836917888384
3/26/12,9.758836917888384,6.0164557E7,-0.039636545063791086,-0.0951402117247735,0.38423495347117315,20.0,0.08325891575091149,-0.02676093816205916,9.667381002595338
3/27/12,9.667381002595338,5.6405768E7,-0.0666306338062525,-0.2315113367647197,0.3669928526415968,20.0,0.09216734459705353,-0.01986581280281354,9.51168222276141
3/28/12,9.51168222276141,7.2417597E7,-0.09309667451167676,-0.26639724380861596,0.3315673678610966,20.0,0.10342826489013754,-0.09559435281736493,9.427330620178864
3/29/12,9.427330620178864,7.2344081E7,-0.11125039881614282,-0.2523023976271681,0.31526441129173205,20.0,0.12072647559723468,-0.039756011053056,9.014103044294028
3/30/12,9.014103044294028,1.27820275E8,-0.13766697652668822,-0.21800442181017257,0.26857326538269083,20.0,0.14039552836084274,-0.1385306220392381,9.022243270232382
3/31/12,9.022243270232382,7.7530686E7,-0.1465041500726812,-0.1785381634681554,0.2685732653826909,20.0,0.1715930953732009,0.023247104513487313,9.015218441725574
4/1/12,9.015218441725574,5.2039165E7,-0.144163898463388,-0.14116003048635276,0.26719668001453944,20.0,0.19646729772492466,0.11554347821798605,9.06478195795742
4/2/12,9.06478195795742,4.0358845E7,-0.130144718012717,-0.05263817950867389,0.2905722920143958,19.178082191780817,0.21749208073835793,0.20947430178165646,8.910300955708497
4/3/12,8.910300955708497,5.3104791E7,-0.12455993300586216,-0.055639219101968354,0.2635499504744768,20.0,0.23278788393463357,0.17966098501819996,8.569744782186369
4/4/12,8.569744782186369,1.3757151E8,-0.1427776525441954,-0.050790879020991664,0.2091383964574919,20.0,0.2509411453147964,0.04943541059262034,8.337393647602955
4/5/12,8.337393647602955,1.4744261E8,-0.15357406962782966,-0.04299263020489183,0.1962100539543921,20.0,0.2797242544782118,0.08149961532807784,7.769358793132306
